GEO.id,GEO.id2,GEO.display-label,HD01_VD01,HD02_VD01
Id,Id2,Geography,Estimate; Total,Margin of Error; Total
1600000US0107000,0107000,"Birmingham city, Alabama",212744,1671
1600000US0121184,0121184,"Dothan city, Alabama",67526,580
1600000US0135896,0135896,"Hoover city, Alabama",84937,66
1600000US0137000,0137000,"Huntsville city, Alabama",195369,1502
1600000US0150000,0150000,"Mobile city, Alabama",190273,44
1600000US0151000,0151000,"Montgomery city, Alabama",199525,34
1600000US0177256,0177256,"Tuscaloosa city, Alabama",100296,38
1600000US0203000,0203000,"Anchorage municipality, Alaska",294356,*****
1600000US0404720,0404720,"Avondale city, Arizona",84034,49
1600000US0407940,0407940,"Buckeye city, Arizona",68431,80
1600000US0410670,0410670,"Casas Adobes CDP, Arizona",73668,5807
1600000US0412000,0412000,"Chandler city, Arizona",253448,54
1600000US0423620,0423620,"Flagstaff city, Arizona",71975,21
1600000US0427400,0427400,"Gilbert town, Arizona",242362,55
1600000US0427820,0427820,"Glendale city, Arizona",246708,45
1600000US0428380,0428380,"Goodyear city, Arizona",79850,40
1600000US0446000,0446000,"Mesa city, Arizona",496395,55
1600000US0454050,0454050,"Peoria city, Arizona",168174,53
1600000US0455000,0455000,"Phoenix city, Arizona",1626085,78
1600000US0464210,0464210,"San Tan Valley CDP, Arizona",92851,8533
1600000US0465000,0465000,"Scottsdale city, Arizona",249947,34
1600000US0471510,0471510,"Surprise city, Arizona",134079,38
1600000US0473000,0473000,"Tempe city, Arizona",185025,60
1600000US0477000,0477000,"Tucson city, Arizona",535676,56
1600000US0485540,0485540,"Yuma city, Arizona",95494,40
1600000US0515190,0515190,"Conway city, Arkansas",65790,33
1600000US0523290,0523290,"Fayetteville city, Arkansas",85258,27
1600000US0524550,0524550,"Fort Smith city, Arkansas",88028,36
1600000US0535710,0535710,"Jonesboro city, Arkansas",75867,20
1600000US0541000,0541000,"Little Rock city, Arkansas",198594,49
1600000US0550450,0550450,"North Little Rock city, Arkansas",65920,35
1600000US0560410,0560410,"Rogers city, Arkansas",66432,25
1600000US0566080,0566080,"Springdale city, Arkansas",82397,3967
1600000US0600562,0600562,"Alameda city, California",79188,53
1600000US0600884,0600884,"Alhambra city, California",85391,41
1600000US0602000,0602000,"Anaheim city, California",352456,165
1600000US0602252,0602252,"Antioch city, California",111683,51
1600000US0602364,0602364,"Apple Valley town, California",73071,26
1600000US0602553,0602553,"Arden-Arcade CDP, California",100573,7428
1600000US0603526,0603526,"Bakersfield city, California",380887,64
1600000US0603666,0603666,"Baldwin Park city, California",76392,46
1600000US0604982,0604982,"Bellflower city, California",77772,32
1600000US0606000,0606000,"Berkeley city, California",122334,48
1600000US0608786,0608786,"Buena Park city, California",83026,50
1600000US0608954,0608954,"Burbank city, California",104823,45
1600000US0610046,0610046,"Camarillo city, California",67849,33
1600000US0611194,0611194,"Carlsbad city, California",115326,43
1600000US0611390,0611390,"Carmichael CDP, California",65959,5778
1600000US0611530,0611530,"Carson city, California",92736,28
1600000US0611964,0611964,"Castro Valley CDP, California",62103,4515
1600000US0613014,0613014,"Chico city, California",93297,29
1600000US0613210,0613210,"Chino city, California",89798,39
1600000US0613214,0613214,"Chino Hills city, California",80400,97
1600000US0613392,0613392,"Chula Vista city, California",270450,88
1600000US0613588,0613588,"Citrus Heights city, California",87924,37
1600000US0614218,0614218,"Clovis city, California",109700,47
1600000US0615044,0615044,"Compton city, California",97626,57
1600000US0616000,0616000,"Concord city, California",129778,39
1600000US0616350,0616350,"Corona city, California",167843,48
1600000US0616532,0616532,"Costa Mesa city, California",113821,34
1600000US0617918,0617918,"Daly City city, California",107091,58
1600000US0618100,0618100,"Davis city, California",68985,23
1600000US0619766,0619766,"Downey city, California",113089,35
1600000US0620802,0620802,"East Los Angeles CDP, California",125542,10161
1600000US0621712,0621712,"El Cajon city, California",103906,47
1600000US0622020,0622020,"Elk Grove city, California",171831,66
1600000US0622230,0622230,"El Monte city, California",116110,38
1600000US0622804,0622804,"Escondido city, California",151979,43
1600000US0623182,0623182,"Fairfield city, California",116280,64
1600000US0624477,0624477,"Florence-Graham CDP, California",68095,7403
1600000US0624638,0624638,"Folsom city, California",78038,28
1600000US0624680,0624680,"Fontana city, California",211820,42
1600000US0626000,0626000,"Fremont city, California",234954,45
1600000US0627000,0627000,"Fresno city, California",527422,75
1600000US0628000,0628000,"Fullerton city, California",140402,52
1600000US0629000,0629000,"Garden Grove city, California",174228,39
1600000US0630000,0630000,"Glendale city, California",203066,53
1600000US0632548,0632548,"Hawthorne city, California",87863,44
1600000US0633000,0633000,"Hayward city, California",160485,61
1600000US0633182,0633182,"Hemet city, California",85153,41
1600000US0633434,0633434,"Hesperia city, California",94867,39
1600000US0636000,0636000,"Huntington Beach city, California",201882,52
1600000US0636448,0636448,"Indio city, California",89784,36
1600000US0636546,0636546,"Inglewood city, California",110611,49
1600000US0636770,0636770,"Irvine city, California",277436,56
1600000US0637692,0637692,"Jurupa Valley city, California",106032,29
1600000US0639248,0639248,"Laguna Niguel city, California",66346,47
1600000US0639486,0639486,"Lake Elsinore city, California",66412,34
1600000US0639496,0639496,"Lake Forest city, California",84308,60
1600000US0639892,0639892,"Lakewood city, California",80971,37
1600000US0640130,0640130,"Lancaster city, California",160323,38
1600000US0641992,0641992,"Livermore city, California",90290,32
1600000US0642202,0642202,"Lodi city, California",65891,39
1600000US0643000,0643000,"Long Beach city, California",469459,61
1600000US0644000,0644000,"Los Angeles city, California",3999742,78
1600000US0644574,0644574,"Lynwood city, California",71115,62
1600000US0645022,0645022,"Madera city, California",65506,22
1600000US0645484,0645484,"Manteca city, California",79275,38
1600000US0646842,0646842,"Menifee city, California",90599,35
1600000US0646898,0646898,"Merced city, California",83100,62
1600000US0647766,0647766,"Milpitas city, California",78108,32
1600000US0648256,0648256,"Mission Viejo city, California",96009,42
1600000US0648354,0648354,"Modesto city, California",214220,33
1600000US0649270,0649270,"Moreno Valley city, California",207211,65
1600000US0649670,0649670,"Mountain View city, California",81443,37
1600000US0650076,0650076,"Murrieta city, California",113316,44
1600000US0650258,0650258,"Napa city, California",79782,43
1600000US0651182,0651182,"Newport Beach city, California",86151,33
1600000US0652526,0652526,"Norwalk city, California",106086,35
1600000US0653000,0653000,"Oakland city, California",425204,66
1600000US0653322,0653322,"Oceanside city, California",176208,61
1600000US0653896,0653896,"Ontario city, California",175850,50
1600000US0653980,0653980,"Orange city, California",140557,42
1600000US0654652,0654652,"Oxnard city, California",210038,46
1600000US0655156,0655156,"Palmdale city, California",157507,52
1600000US0655282,0655282,"Palo Alto city, California",67170,37
1600000US0656000,0656000,"Pasadena city, California",142632,58
1600000US0656700,0656700,"Perris city, California",77895,55
1600000US0657456,0657456,"Pittsburg city, California",72157,60
1600000US0657792,0657792,"Pleasanton city, California",83007,29
1600000US0658072,0658072,"Pomona city, California",152946,46
1600000US0659444,0659444,"Rancho Cordova city, California",73554,46
1600000US0659451,0659451,"Rancho Cucamonga city, California",177446,43
1600000US0659920,0659920,"Redding city, California",91788,35
1600000US0659962,0659962,"Redlands city, California",71562,37
1600000US0660018,0660018,"Redondo Beach city, California",67908,29
1600000US0660102,0660102,"Redwood City city, California",86683,29
1600000US0660466,0660466,"Rialto city, California",103555,41
1600000US0660620,0660620,"Richmond city, California",110037,44
1600000US0662000,0662000,"Riverside city, California",327722,56
1600000US0662938,0662938,"Roseville city, California",135325,37
1600000US0664000,0664000,"Sacramento city, California",501890,66
1600000US0664224,0664224,"Salinas city, California",157594,26
1600000US0665000,0665000,"San Bernardino city, California",216983,67
1600000US0665042,0665042,"San Buenaventura (Ventura) city, California",110784,41
1600000US0665084,0665084,"San Clemente city, California",65269,23
1600000US0666000,0666000,"San Diego city, California",1419488,92
1600000US0667000,0667000,"San Francisco city, California",884363,*****
1600000US0668000,0668000,"San Jose city, California",1035353,114
1600000US0668084,0668084,"San Leandro city, California",90555,29
1600000US0668196,0668196,"San Marcos city, California",96188,48
1600000US0668252,0668252,"San Mateo city, California",104733,53
1600000US0668378,0668378,"San Ramon city, California",75922,41
1600000US0669000,0669000,"Santa Ana city, California",334135,56
1600000US0669070,0669070,"Santa Barbara city, California",92099,30
1600000US0669084,0669084,"Santa Clara city, California",127131,41
1600000US0669088,0669088,"Santa Clarita city, California",210886,49
1600000US0669112,0669112,"Santa Cruz city, California",65028,29
1600000US0669196,0669196,"Santa Maria city, California",107018,27
1600000US0670000,0670000,"Santa Monica city, California",92298,35
1600000US0670098,0670098,"Santa Rosa city, California",175269,33
1600000US0672016,0672016,"Simi Valley city, California",126875,40
1600000US0673080,0673080,"South Gate city, California",95422,41
1600000US0673262,0673262,"South San Francisco city, California",67430,29
1600000US0675000,0675000,"Stockton city, California",310476,88
1600000US0677000,0677000,"Sunnyvale city, California",153656,37
1600000US0678120,0678120,"Temecula city, California",114318,51
1600000US0678582,0678582,"Thousand Oaks city, California",128972,78
1600000US0680000,0680000,"Torrance city, California",146745,47
1600000US0680238,0680238,"Tracy city, California",90886,36
1600000US0680812,0680812,"Turlock city, California",73562,34
1600000US0680854,0680854,"Tustin city, California",80502,35
1600000US0681204,0681204,"Union City city, California",75344,28
1600000US0681344,0681344,"Upland city, California",76985,55
1600000US0681554,0681554,"Vacaville city, California",100023,45
1600000US0681666,0681666,"Vallejo city, California",122086,86
1600000US0682590,0682590,"Victorville city, California",122465,86
1600000US0682954,0682954,"Visalia city, California",133009,39
1600000US0682996,0682996,"Vista city, California",101557,42
1600000US0683346,0683346,"Walnut Creek city, California",69792,72
1600000US0684200,0684200,"West Covina city, California",107623,88
1600000US0684550,0684550,"Westminster city, California",91548,62
1600000US0685292,0685292,"Whittier city, California",86841,36
1600000US0686832,0686832,"Yorba Linda city, California",68234,43
1600000US0686972,0686972,"Yuba City city, California",66872,47
1600000US0803455,0803455,"Arvada city, Colorado",118300,1124
1600000US0804000,0804000,"Aurora city, Colorado",367250,738
1600000US0807850,0807850,"Boulder city, Colorado",107128,28
1600000US0809280,0809280,"Broomfield city, Colorado",68341,*****
1600000US0812815,0812815,"Centennial city, Colorado",110277,100
1600000US0816000,0816000,"Colorado Springs city, Colorado",464470,44
1600000US0820000,0820000,"Denver city, Colorado",704621,*****
1600000US0827425,0827425,"Fort Collins city, Colorado",165089,43
1600000US0832155,0832155,"Greeley city, Colorado",105457,43
1600000US0836410,0836410,"Highlands Ranch CDP, Colorado",107216,4910
1600000US0843000,0843000,"Lakewood city, Colorado",154952,41
1600000US0845970,0845970,"Longmont city, Colorado",94145,44
1600000US0846465,0846465,"Loveland city, Colorado",76702,25
1600000US0862000,0862000,"Pueblo city, Colorado",111121,32
1600000US0877290,0877290,"Thornton city, Colorado",136992,63
1600000US0883835,0883835,"Westminster city, Colorado",112814,38
1600000US0908000,0908000,"Bridgeport city, Connecticut",146582,33
1600000US0918430,0918430,"Danbury city, Connecticut",85243,30
1600000US0937000,0937000,"Hartford city, Connecticut",123420,72
1600000US0950370,0950370,"New Britain city, Connecticut",72718,40
1600000US0952000,0952000,"New Haven city, Connecticut",131005,44
1600000US0955990,0955990,"Norwalk city, Connecticut",89000,29
1600000US0973000,0973000,"Stamford city, Connecticut",130835,52
1600000US0980000,0980000,"Waterbury city, Connecticut",108642,54
1600000US1077580,1077580,"Wilmington city, Delaware",71104,32
1600000US1150000,1150000,"Washington city, District of Columbia",693972,*****
1600000US1200410,1200410,"Alafaya CDP, Florida",88496,11283
1600000US1207300,1207300,"Boca Raton city, Florida",98153,33
1600000US1207875,1207875,"Boynton Beach city, Florida",77704,31
1600000US1208150,1208150,"Brandon CDP, Florida",121190,8687
1600000US1210275,1210275,"Cape Coral city, Florida",183356,42
1600000US1212875,1212875,"Clearwater city, Florida",115501,44
1600000US1214400,1214400,"Coral Springs city, Florida",133058,76
1600000US1216475,1216475,"Davie town, Florida",105146,35
1600000US1216525,1216525,"Daytona Beach city, Florida",68055,31
1600000US1216725,1216725,"Deerfield Beach city, Florida",80572,34
1600000US1217100,1217100,"Delray Beach city, Florida",68749,24
1600000US1217200,1217200,"Deltona city, Florida",90743,28
1600000US1224000,1224000,"Fort Lauderdale city, Florida",180071,35
1600000US1224125,1224125,"Fort Myers city, Florida",79941,35
1600000US1225175,1225175,"Gainesville city, Florida",132253,36
1600000US1230000,1230000,"Hialeah city, Florida",239682,47
1600000US1232000,1232000,"Hollywood city, Florida",153625,30
1600000US1232275,1232275,"Homestead city, Florida",69909,25
1600000US1235000,1235000,"Jacksonville city, Florida",892064,22
1600000US1236100,1236100,"Kendall CDP, Florida",73805,7636
1600000US1236950,1236950,"Kissimmee city, Florida",71103,23
1600000US1238250,1238250,"Lakeland city, Florida",108051,33
1600000US1239425,1239425,"Largo city, Florida",84768,54
1600000US1239550,1239550,"Lauderhill city, Florida",71976,41
1600000US1239925,1239925,"Lehigh Acres CDP, Florida",132618,7922
1600000US1243975,1243975,"Melbourne city, Florida",82003,44
1600000US1245000,1245000,"Miami city, Florida",463354,53
1600000US1245025,1245025,"Miami Beach city, Florida",92319,59
1600000US1245060,1245060,"Miami Gardens city, Florida",113743,44
1600000US1245975,1245975,"Miramar city, Florida",140323,37
1600000US1249675,1249675,"North Port city, Florida",66293,32
1600000US1253000,1253000,"Orlando city, Florida",280258,50
1600000US1254000,1254000,"Palm Bay city, Florida",111660,34
1600000US1254200,1254200,"Palm Coast city, Florida",88394,2910
1600000US1255775,1255775,"Pembroke Pines city, Florida",170703,44
1600000US1256825,1256825,"Pine Hills CDP, Florida",76847,8875
1600000US1257425,1257425,"Plantation city, Florida",93922,56
1600000US1257900,1257900,"Poinciana CDP, Florida",71694,10606
1600000US1258050,1258050,"Pompano Beach city, Florida",110464,44
1600000US1258350,1258350,"Port Charlotte CDP, Florida",65972,5147
1600000US1258715,1258715,"Port St. Lucie city, Florida",189331,54
1600000US1260950,1260950,"Riverview CDP, Florida",90538,9817
1600000US1263000,1263000,"St. Petersburg city, Florida",263252,38
1600000US1268350,1268350,"Spring Hill CDP, Florida",113508,4466
1600000US1269700,1269700,"Sunrise city, Florida",94313,53
1600000US1270600,1270600,"Tallahassee city, Florida",191039,45
1600000US1270675,1270675,"Tamarac city, Florida",65683,52
1600000US1271000,1271000,"Tampa city, Florida",385423,56
1600000US1271569,1271569,"The Hammocks CDP, Florida",68457,9056
1600000US1271625,1271625,"The Villages CDP, Florida",79620,3849
1600000US1272145,1272145,"Town 'n' Country CDP, Florida",89143,8831
1600000US1276582,1276582,"Weston city, Florida",70927,67
1600000US1276600,1276600,"West Palm Beach city, Florida",110219,40
1600000US1301052,1301052,"Albany city, Georgia",71593,3391
1600000US1301696,1301696,"Alpharetta city, Georgia",65774,88
1600000US1303440,1303440,"Athens-Clarke County unified government (balance), Georgia",125929,444
1600000US1304000,1304000,"Atlanta city, Georgia",486299,54
1600000US1304204,1304204,"Augusta-Richmond County consolidated government (balance), Georgia",195678,1775
1600000US1319000,1319000,"Columbus city, Georgia",194058,*****
1600000US1342425,1342425,"Johns Creek city, Georgia",84359,45
1600000US1349008,1349008,"Macon-Bibb County, Georgia",152646,154
1600000US1367284,1367284,"Roswell city, Georgia",94792,37
1600000US1368516,1368516,"Sandy Springs city, Georgia",106742,27
1600000US1369000,1369000,"Savannah city, Georgia",146449,32
1600000US1380508,1380508,"Warner Robins city, Georgia",75675,1218
1600000US1571550,1571550,"Urban Honolulu CDP, Hawaii",350388,46
1600000US1608830,1608830,"Boise City city, Idaho",226567,33
1600000US1652120,1652120,"Meridian city, Idaho",99938,46
1600000US1656260,1656260,"Nampa city, Idaho",93585,30
1600000US1702154,1702154,"Arlington Heights village, Illinois",75097,2944
1600000US1703012,1703012,"Aurora city, Illinois",202548,4701
1600000US1706613,1706613,"Bloomington city, Illinois",77941,37
1600000US1707133,1707133,"Bolingbrook village, Illinois",72155,3595
1600000US1712385,1712385,"Champaign city, Illinois",87426,34
1600000US1714000,1714000,"Chicago city, Illinois",2716462,62
1600000US1714351,1714351,"Cicero town, Illinois",82560,33
1600000US1718823,1718823,"Decatur city, Illinois",68645,2723
1600000US1723074,1723074,"Elgin city, Illinois",114459,4746
1600000US1724582,1724582,"Evanston city, Illinois",74752,29
1600000US1738570,1738570,"Joliet city, Illinois",147150,5867
1600000US1751622,1751622,"Naperville city, Illinois",148584,1644
1600000US1757225,1757225,"Palatine village, Illinois",68610,53
1600000US1759000,1759000,"Peoria city, Illinois",115637,2744
1600000US1765000,1765000,"Rockford city, Illinois",148287,2225
1600000US1768003,1768003,"Schaumburg village, Illinois",73118,1234
1600000US1770122,1770122,"Skokie village, Illinois",63984,34
1600000US1772000,1772000,"Springfield city, Illinois",114663,35
1600000US1779293,1779293,"Waukegan city, Illinois",88805,3709
1600000US1805860,1805860,"Bloomington city, Indiana",85551,2866
1600000US1810342,1810342,"Carmel city, Indiana",93148,1777
1600000US1822000,1822000,"Evansville city, Indiana",117940,2910
1600000US1823278,1823278,"Fishers city, Indiana",90907,2475
1600000US1825000,1825000,"Fort Wayne city, Indiana",254796,4214
1600000US1827000,1827000,"Gary city, Indiana",76430,3074
1600000US1831000,1831000,"Hammond city, Indiana",76627,43
1600000US1836003,1836003,"Indianapolis city (balance), Indiana",857386,4890
1600000US1840788,1840788,"Lafayette city, Indiana",71225,2763
1600000US1851876,1851876,"Muncie city, Indiana",68450,1521
1600000US1871000,1871000,"South Bend city, Indiana",96143,2398
1600000US1901855,1901855,"Ames city, Iowa",66500,20
1600000US1912000,1912000,"Cedar Rapids city, Iowa",132240,53
1600000US1919000,1919000,"Davenport city, Iowa",102314,31
1600000US1921000,1921000,"Des Moines city, Iowa",217508,216
1600000US1938595,1938595,"Iowa City city, Iowa",75788,38
1600000US1973335,1973335,"Sioux City city, Iowa",84034,2405
1600000US1982425,1982425,"Waterloo city, Iowa",67588,21
1600000US2036000,2036000,"Kansas City city, Kansas",155031,2237
1600000US2038900,2038900,"Lawrence city, Kansas",95000,3321
1600000US2052575,2052575,"Olathe city, Kansas",137500,109
1600000US2053775,2053775,"Overland Park city, Kansas",191263,69
1600000US2064500,2064500,"Shawnee city, Kansas",65505,36
1600000US2071000,2071000,"Topeka city, Kansas",126588,25
1600000US2079000,2079000,"Wichita city, Kansas",390599,53
1600000US2108902,2108902,"Bowling Green city, Kentucky",67067,22
1600000US2146027,2146027,"Lexington-Fayette urban county, Kentucky",321959,*****
1600000US2148006,2148006,"Louisville/Jefferson County metro government (balance), Kentucky",621337,71
1600000US2205000,2205000,"Baton Rouge city, Louisiana",225370,35
1600000US2208920,2208920,"Bossier City city, Louisiana",68564,40
1600000US2239475,2239475,"Kenner city, Louisiana",67464,53
1600000US2240735,2240735,"Lafayette city, Louisiana",126847,29
1600000US2241155,2241155,"Lake Charles city, Louisiana",77125,37
1600000US2250115,2250115,"Metairie CDP, Louisiana",146847,6987
1600000US2255000,2255000,"New Orleans city, Louisiana",393292,*****
1600000US2270000,2270000,"Shreveport city, Louisiana",191715,812
1600000US2360545,2360545,"Portland city, Maine",66878,26
1600000US2404000,2404000,"Baltimore city, Maryland",611648,*****
1600000US2407125,2407125,"Bethesda CDP, Maryland",68297,4732
1600000US2419125,2419125,"Columbia CDP, Maryland",103709,6275
1600000US2426000,2426000,"Ellicott City CDP, Maryland",76727,5543
1600000US2430325,2430325,"Frederick city, Maryland",71397,49
1600000US2431175,2431175,"Gaithersburg city, Maryland",68721,42
1600000US2432025,2432025,"Germantown CDP, Maryland",95711,8360
1600000US2432650,2432650,"Glen Burnie CDP, Maryland",70108,6782
1600000US2467675,2467675,"Rockville city, Maryland",68400,30
1600000US2472450,2472450,"Silver Spring CDP, Maryland",80265,7556
1600000US2481175,2481175,"Waldorf CDP, Maryland",69519,4698
1600000US2507000,2507000,"Boston city, Massachusetts",683015,2627
1600000US2509000,2509000,"Brockton city, Massachusetts",95664,38
1600000US2511000,2511000,"Cambridge city, Massachusetts",113631,30
1600000US2523000,2523000,"Fall River city, Massachusetts",89415,31
1600000US2524960,2524960,"Framingham CDP, Massachusetts",72045,52
1600000US2534550,2534550,"Lawrence city, Massachusetts",80183,50
1600000US2537000,2537000,"Lowell city, Massachusetts",111343,35
1600000US2537490,2537490,"Lynn city, Massachusetts",94064,35
1600000US2545000,2545000,"New Bedford city, Massachusetts",95110,41
1600000US2545560,2545560,"Newton city, Massachusetts",88989,30
1600000US2555745,2555745,"Quincy city, Massachusetts",94165,28
1600000US2562535,2562535,"Somerville city, Massachusetts",81361,28
1600000US2567000,2567000,"Springfield city, Massachusetts",154763,30
1600000US2582000,2582000,"Worcester city, Massachusetts",185685,44
1600000US2603000,2603000,"Ann Arbor city, Michigan",121461,64
1600000US2621000,2621000,"Dearborn city, Michigan",94497,33
1600000US2622000,2622000,"Detroit city, Michigan",673103,39
1600000US2627440,2627440,"Farmington Hills city, Michigan",81048,29
1600000US2629000,2629000,"Flint city, Michigan",96439,43
1600000US2634000,2634000,"Grand Rapids city, Michigan",198811,72
1600000US2642160,2642160,"Kalamazoo city, Michigan",75802,32
1600000US2646000,2646000,"Lansing city, Michigan",115451,1339
1600000US2649000,2649000,"Livonia city, Michigan",94108,26
1600000US2669035,2669035,"Rochester Hills city, Michigan",74198,35
1600000US2674900,2674900,"Southfield city, Michigan",73203,35
1600000US2676460,2676460,"Sterling Heights city, Michigan",132628,33
1600000US2680700,2680700,"Troy city, Michigan",83826,55
1600000US2684000,2684000,"Warren city, Michigan",135029,38
1600000US2686000,2686000,"Westland city, Michigan",81750,34
1600000US2688940,2688940,"Wyoming city, Michigan",75938,23
1600000US2706616,2706616,"Bloomington city, Minnesota",85863,30
1600000US2707966,2707966,"Brooklyn Park city, Minnesota",80573,43
1600000US2717000,2717000,"Duluth city, Minnesota",86048,63
1600000US2717288,2717288,"Eagan city, Minnesota",66623,26
1600000US2740166,2740166,"Maple Grove city, Minnesota",71069,27
1600000US2743000,2743000,"Minneapolis city, Minnesota",422326,38
1600000US2751730,2751730,"Plymouth city, Minnesota",78388,32
1600000US2754880,2754880,"Rochester city, Minnesota",115733,29
1600000US2756896,2756896,"St. Cloud city, Minnesota",65403,1792
1600000US2758000,2758000,"St. Paul city, Minnesota",306604,66
1600000US2771428,2771428,"Woodbury city, Minnesota",69755,23
1600000US2829700,2829700,"Gulfport city, Mississippi",71812,47
1600000US2836000,2836000,"Jackson city, Mississippi",167250,596
1600000US2915670,2915670,"Columbia city, Missouri",121720,21
1600000US2935000,2935000,"Independence city, Missouri",117308,33
1600000US2938000,2938000,"Kansas City city, Missouri",488825,90
1600000US2941348,2941348,"Lee's Summit city, Missouri",97101,532
1600000US2954074,2954074,"O'Fallon city, Missouri",87578,69
1600000US2964082,2964082,"St. Charles city, Missouri",70335,36
1600000US2964550,2964550,"St. Joseph city, Missouri",76643,1802
1600000US2965000,2965000,"St. Louis city, Missouri",308626,*****
1600000US2970000,2970000,"Springfield city, Missouri",167376,28
1600000US3006550,3006550,"Billings city, Montana",109642,27
1600000US3050200,3050200,"Missoula city, Montana",73338,22
1600000US3128000,3128000,"Lincoln city, Nebraska",284734,20
1600000US3137000,3137000,"Omaha city, Nebraska",466903,49
1600000US3223770,3223770,"Enterprise CDP, Nevada",168011,10609
1600000US3231900,3231900,"Henderson city, Nevada",302535,40
1600000US3240000,3240000,"Las Vegas city, Nevada",641708,135
1600000US3251800,3251800,"North Las Vegas city, Nevada",242949,90
1600000US3254600,3254600,"Paradise CDP, Nevada",235123,12394
1600000US3260600,3260600,"Reno city, Nevada",248860,45
1600000US3268400,3268400,"Sparks city, Nevada",100878,48
1600000US3268585,3268585,"Spring Valley CDP, Nevada",211280,11053
1600000US3271400,3271400,"Sunrise Manor CDP, Nevada",193055,10094
1600000US3345140,3345140,"Manchester city, New Hampshire",111194,25
1600000US3350260,3350260,"Nashua city, New Hampshire",88350,39
1600000US3403580,3403580,"Bayonne city, New Jersey",67178,38
1600000US3410000,3410000,"Camden city, New Jersey",74534,26
1600000US3413690,3413690,"Clifton city, New Jersey",86615,37
1600000US3419390,3419390,"East Orange city, New Jersey",65399,64
1600000US3421000,3421000,"Elizabeth city, New Jersey",130222,39
1600000US3436000,3436000,"Jersey City city, New Jersey",270750,39
1600000US3451000,3451000,"Newark city, New Jersey",285156,43
1600000US3456550,3456550,"Passaic city, New Jersey",71245,26
1600000US3457000,3457000,"Paterson city, New Jersey",148678,31
1600000US3473110,3473110,"Toms River CDP, New Jersey",89861,959
1600000US3474000,3474000,"Trenton city, New Jersey",84971,26
1600000US3474630,3474630,"Union City city, New Jersey",70409,77
1600000US3502000,3502000,"Albuquerque city, New Mexico",558558,60
1600000US3539380,3539380,"Las Cruces city, New Mexico",101706,34
1600000US3563460,3563460,"Rio Rancho city, New Mexico",96168,40
1600000US3570500,3570500,"Santa Fe city, New Mexico",83763,55
1600000US3601000,3601000,"Albany city, New York",98252,24
1600000US3608026,3608026,"Brentwood CDP, New York",66458,7357
1600000US3611000,3611000,"Buffalo city, New York",258592,82
1600000US3615000,3615000,"Cheektowaga CDP, New York",73232,2114
1600000US3649121,3649121,"Mount Vernon city, New York",68702,25
1600000US3650617,3650617,"New Rochelle city, New York",79956,44
1600000US3651000,3651000,"New York city, New York",8622698,*****
1600000US3663000,3663000,"Rochester city, New York",208049,34
1600000US3665508,3665508,"Schenectady city, New York",65626,18
1600000US3673000,3673000,"Syracuse city, New York",143398,29
1600000US3684000,3684000,"Yonkers city, New York",202008,51
1600000US3702140,3702140,"Asheville city, North Carolina",91916,51
1600000US3710740,3710740,"Cary town, North Carolina",166032,677
1600000US3712000,3712000,"Charlotte city, North Carolina",859052,70
1600000US3714100,3714100,"Concord city, North Carolina",92072,34
1600000US3719000,3719000,"Durham city, North Carolina",267932,266
1600000US3722920,3722920,"Fayetteville city, North Carolina",209913,88
1600000US3725580,3725580,"Gastonia city, North Carolina",76606,52
1600000US3728000,3728000,"Greensboro city, North Carolina",290201,79
1600000US3728080,3728080,"Greenville city, North Carolina",92171,53
1600000US3731400,3731400,"High Point city, North Carolina",111213,1811
1600000US3734200,3734200,"Jacksonville city, North Carolina",72448,21
1600000US3755000,3755000,"Raleigh city, North Carolina",464972,858
1600000US3774440,3774440,"Wilmington city, North Carolina",119048,32
1600000US3775000,3775000,"Winston-Salem city, North Carolina",244592,51
1600000US3807200,3807200,"Bismarck city, North Dakota",71574,2814
1600000US3825700,3825700,"Fargo city, North Dakota",123590,2474
1600000US3901000,3901000,"Akron city, Ohio",197849,31
1600000US3912000,3912000,"Canton city, Ohio",70893,63
1600000US3915000,3915000,"Cincinnati city, Ohio",301305,46
1600000US3916000,3916000,"Cleveland city, Ohio",385552,94
1600000US3918000,3918000,"Columbus city, Ohio",881901,2861
1600000US3921000,3921000,"Dayton city, Ohio",140379,41
1600000US3944856,3944856,"Lorain city, Ohio",63840,27
1600000US3961000,3961000,"Parma city, Ohio",79159,37
1600000US3977000,3977000,"Toledo city, Ohio",276494,32
1600000US3988000,3988000,"Youngstown city, Ohio",64585,35
1600000US4009050,4009050,"Broken Arrow city, Oklahoma",110468,1986
1600000US4023200,4023200,"Edmond city, Oklahoma",91936,50
1600000US4041850,4041850,"Lawton city, Oklahoma",93717,32
1600000US4052500,4052500,"Norman city, Oklahoma",122842,26
1600000US4055000,4055000,"Oklahoma City city, Oklahoma",643574,70
1600000US4075000,4075000,"Tulsa city, Oklahoma",402227,972
1600000US4105350,4105350,"Beaverton city, Oregon",97529,63
1600000US4105800,4105800,"Bend city, Oregon",94527,34
1600000US4123850,4123850,"Eugene city, Oregon",168909,44
1600000US4131250,4131250,"Gresham city, Oregon",111039,52
1600000US4134100,4134100,"Hillsboro city, Oregon",106903,43
1600000US4147000,4147000,"Medford city, Oregon",81777,25
1600000US4159000,4159000,"Portland city, Oregon",648121,1583
1600000US4164900,4164900,"Salem city, Oregon",169790,44
1600000US4202000,4202000,"Allentown city, Pennsylvania",121278,43
1600000US4206088,4206088,"Bethlehem city, Pennsylvania",76469,3517
1600000US4224000,4224000,"Erie city, Pennsylvania",97369,21
1600000US4260000,4260000,"Philadelphia city, Pennsylvania",1580863,*****
1600000US4261000,4261000,"Pittsburgh city, Pennsylvania",302414,37
1600000US4263624,4263624,"Reading city, Pennsylvania",88418,34
1600000US4269000,4269000,"Scranton city, Pennsylvania",77597,35
1600000US4419180,4419180,"Cranston city, Rhode Island",81192,42
1600000US4454640,4454640,"Pawtucket city, Rhode Island",72006,31
1600000US4459000,4459000,"Providence city, Rhode Island",180388,29
1600000US4474300,4474300,"Warwick city, Rhode Island",80873,20
1600000US4513330,4513330,"Charleston city, South Carolina",139906,2801
1600000US4516000,4516000,"Columbia city, South Carolina",133578,899
1600000US4530850,4530850,"Greenville city, South Carolina",68223,31
1600000US4548535,4548535,"Mount Pleasant town, South Carolina",86668,22
1600000US4550875,4550875,"North Charleston city, South Carolina",112742,3407
1600000US4561405,4561405,"Rock Hill city, South Carolina",73064,33
1600000US4652980,4652980,"Rapid City city, South Dakota",74418,25
1600000US4659020,4659020,"Sioux Falls city, South Dakota",176898,47
1600000US4714000,4714000,"Chattanooga city, Tennessee",179130,41
1600000US4715160,4715160,"Clarksville city, Tennessee",153210,29
1600000US4727740,4727740,"Franklin city, Tennessee",78311,43
1600000US4737640,4737640,"Jackson city, Tennessee",66856,37
1600000US4738320,4738320,"Johnson City city, Tennessee",65816,801
1600000US4740000,4740000,"Knoxville city, Tennessee",187344,32
1600000US4748000,4748000,"Memphis city, Tennessee",652231,47
1600000US4751560,4751560,"Murfreesboro city, Tennessee",136372,32
1600000US4752006,4752006,"Nashville-Davidson metropolitan government (balance), Tennessee",665967,3574
1600000US4801000,4801000,"Abilene city, Texas",123304,3247
1600000US4801924,4801924,"Allen city, Texas",100679,34
1600000US4803000,4803000,"Amarillo city, Texas",200558,2070
1600000US4804000,4804000,"Arlington city, Texas",396407,71
1600000US4804462,4804462,"Atascocita CDP, Texas",84443,8869
1600000US4805000,4805000,"Austin city, Texas",950714,58
1600000US4806128,4806128,"Baytown city, Texas",77862,2173
1600000US4807000,4807000,"Beaumont city, Texas",119126,48
1600000US4810768,4810768,"Brownsville city, Texas",183292,42
1600000US4810912,4810912,"Bryan city, Texas",84029,38
1600000US4813024,4813024,"Carrollton city, Texas",135709,43
1600000US4813552,4813552,"Cedar Park city, Texas",75238,2812
1600000US4815976,4815976,"College Station city, Texas",113563,28
1600000US4816432,4816432,"Conroe city, Texas",84379,28
1600000US4817000,4817000,"Corpus Christi city, Texas",325600,31
1600000US4819000,4819000,"Dallas city, Texas",1341103,156
1600000US4819972,4819972,"Denton city, Texas",136266,28
1600000US4822660,4822660,"Edinburg city, Texas",90271,36
1600000US4824000,4824000,"El Paso city, Texas",683583,40
1600000US4826232,4826232,"Flower Mound town, Texas",76592,262
1600000US4827000,4827000,"Fort Worth city, Texas",876060,3155
1600000US4827684,4827684,"Frisco city, Texas",177281,45
1600000US4829000,4829000,"Garland city, Texas",237607,144
1600000US4829336,4829336,"Georgetown city, Texas",70696,39
1600000US4830464,4830464,"Grand Prairie city, Texas",193812,49
1600000US4832372,4832372,"Harlingen city, Texas",65462,29
1600000US4835000,4835000,"Houston city, Texas",2313230,3285
1600000US4837000,4837000,"Irving city, Texas",240369,41
1600000US4839148,4839148,"Killeen city, Texas",145484,36
1600000US4841464,4841464,"Laredo city, Texas",261935,3305
1600000US4841980,4841980,"League City city, Texas",105105,1015
1600000US4842508,4842508,"Lewisville city, Texas",106656,1585
1600000US4843888,4843888,"Longview city, Texas",83081,1264
1600000US4845000,4845000,"Lubbock city, Texas",253887,29
1600000US4845384,4845384,"McAllen city, Texas",142699,30
1600000US4845744,4845744,"McKinney city, Texas",181330,40
1600000US4846452,4846452,"Mansfield city, Texas",69007,1136
1600000US4847892,4847892,"Mesquite city, Texas",143822,36
1600000US4848072,4848072,"Midland city, Texas",136090,23
1600000US4848768,4848768,"Mission city, Texas",84428,30
1600000US4848804,4848804,"Missouri City city, Texas",72519,2803
1600000US4850820,4850820,"New Braunfels city, Texas",82306,3431
1600000US4852356,4852356,"North Richland Hills city, Texas",70446,30
1600000US4853388,4853388,"Odessa city, Texas",117105,1422
1600000US4856000,4856000,"Pasadena city, Texas",153533,52
1600000US4856348,4856348,"Pearland city, Texas",125198,4759
1600000US4857200,4857200,"Pharr city, Texas",79491,25
1600000US4858016,4858016,"Plano city, Texas",285312,948
1600000US4861796,4861796,"Richardson city, Texas",116783,41
1600000US4863500,4863500,"Round Rock city, Texas",123560,1128
1600000US4864472,4864472,"San Angelo city, Texas",94940,3556
1600000US4865000,4865000,"San Antonio city, Texas",1511913,67
1600000US4870808,4870808,"Sugar Land city, Texas",88488,32
1600000US4872176,4872176,"Temple city, Texas",74494,40
1600000US4872656,4872656,"The Woodlands CDP, Texas",115097,9666
1600000US4874144,4874144,"Tyler city, Texas",104998,38
1600000US4875428,4875428,"Victoria city, Texas",67102,24
1600000US4876000,4876000,"Waco city, Texas",136437,36
1600000US4879000,4879000,"Wichita Falls city, Texas",104745,23
1600000US4943660,4943660,"Layton city, Utah",76694,29
1600000US4955980,4955980,"Ogden city, Utah",87037,32
1600000US4957300,4957300,"Orem city, Utah",97840,29
1600000US4962470,4962470,"Provo city, Utah",117331,31
1600000US4965330,4965330,"St. George city, Utah",84390,52
1600000US4967000,4967000,"Salt Lake City city, Utah",200538,36
1600000US4967440,4967440,"Sandy city, Utah",96146,34
1600000US4970850,4970850,"South Jordan city, Utah",70953,30
1600000US4982950,4982950,"West Jordan city, Utah",113921,68
1600000US4983470,4983470,"West Valley City city, Utah",136166,41
1600000US5101000,5101000,"Alexandria city, Virginia",160035,*****
1600000US5103000,5103000,"Arlington CDP, Virginia",234965,*****
1600000US5114440,5114440,"Centreville CDP, Virginia",78355,7110
1600000US5116000,5116000,"Chesapeake city, Virginia",240397,*****
1600000US5121088,5121088,"Dale City CDP, Virginia",70223,8424
1600000US5135000,5135000,"Hampton city, Virginia",134669,*****
1600000US5147672,5147672,"Lynchburg city, Virginia",80995,*****
1600000US5156000,5156000,"Newport News city, Virginia",179388,*****
1600000US5157000,5157000,"Norfolk city, Virginia",244703,*****
1600000US5164000,5164000,"Portsmouth city, Virginia",94572,*****
1600000US5167000,5167000,"Richmond city, Virginia",227032,*****
1600000US5168000,5168000,"Roanoke city, Virginia",99837,*****
1600000US5176432,5176432,"Suffolk city, Virginia",90237,*****
1600000US5182000,5182000,"Virginia Beach city, Virginia",450435,*****
1600000US5303180,5303180,"Auburn city, Washington",79619,2056
1600000US5305210,5305210,"Bellevue city, Washington",144459,65
1600000US5305280,5305280,"Bellingham city, Washington",89044,27
1600000US5322640,5322640,"Everett city, Washington",110086,40
1600000US5323515,5323515,"Federal Way city, Washington",96691,33
1600000US5335275,5335275,"Kennewick city, Washington",81601,32
1600000US5335415,5335415,"Kent city, Washington",128463,46
1600000US5335940,5335940,"Kirkland city, Washington",88630,30
1600000US5343955,5343955,"Marysville city, Washington",68859,32
1600000US5353545,5353545,"Pasco city, Washington",67205,4500
1600000US5357745,5357745,"Renton city, Washington",101372,38
1600000US5363000,5363000,"Seattle city, Washington",724764,86
1600000US5367000,5367000,"Spokane city, Washington",217096,45
1600000US5367167,5367167,"Spokane Valley city, Washington",97858,40
1600000US5370000,5370000,"Tacoma city, Washington",213426,48
1600000US5374060,5374060,"Vancouver city, Washington",175661,49
1600000US5380010,5380010,"Yakima city, Washington",93669,33
1600000US5502375,5502375,"Appleton city, Wisconsin",73984,1695
1600000US5522300,5522300,"Eau Claire city, Wisconsin",69835,1105
1600000US5531000,5531000,"Green Bay city, Wisconsin",105114,24
1600000US5539225,5539225,"Kenosha city, Wisconsin",99875,23
1600000US5548000,5548000,"Madison city, Wisconsin",255239,89
1600000US5553000,5553000,"Milwaukee city, Wisconsin",595365,60
1600000US5560500,5560500,"Oshkosh city, Wisconsin",66668,25
1600000US5566000,5566000,"Racine city, Wisconsin",77555,50
1600000US5584250,5584250,"Waukesha city, Wisconsin",72483,32
