Median earnings 2007,Id,Population 2007,Median earnings 2017,Population 2017,Geography,"Total; Estimate; Full-time, year-round civilian employed population 16 years and over with earnings 2007","Total; Estimate; Full-time, year-round civilian employed population 16 years and over with earnings - Agriculture, forestry, fishing and hunting, and mining: - Agriculture, forestry, fishing and hunting 2007","Total; Estimate; Full-time, year-round civilian employed population 16 years and over with earnings - Agriculture, forestry, fishing and hunting, and mining: - Mining 2007","Total; Estimate; Full-time, year-round civilian employed population 16 years and over with earnings - Construction 2007","Total; Estimate; Full-time, year-round civilian employed population 16 years and over with earnings - Manufacturing 2007","Total; Estimate; Full-time, year-round civilian employed population 16 years and over with earnings - Wholesale trade 2007","Total; Estimate; Full-time, year-round civilian employed population 16 years and over with earnings - Retail trade 2007","Total; Estimate; Full-time, year-round civilian employed population 16 years and over with earnings - Transportation and warehousing, and utilities: - Transportation and warehousing 2007","Total; Estimate; Full-time, year-round civilian employed population 16 years and over with earnings - Transportation and warehousing, and utilities: - Utilities 2007","Total; Estimate; Full-time, year-round civilian employed population 16 years and over with earnings - Information 2007","Total; Estimate; Full-time, year-round civilian employed population 16 years and over with earnings - Finance and insurance, and real estate and rental and leasing: - Finance and insurance 2007","Total; Estimate; Full-time, year-round civilian employed population 16 years and over with earnings - Finance and insurance, and real estate and rental and leasing: - Real estate and rental and leasing 2007","Total; Estimate; Full-time, year-round civilian employed population 16 years and over with earnings - Professional, scientific, and management, and administrative and waste management services: - Professional, scientific, and technical services 2007","Total; Estimate; Full-time, year-round civilian employed population 16 years and over with earnings - Professional, scientific, and management, and administrative and waste management services: - Management of companies and enterprises 2007","Total; Estimate; Full-time, year-round civilian employed population 16 years and over with earnings - Professional, scientific, and management, and administrative and waste management services: - Administrative and support and waste management services 2007","Total; Estimate; Full-time, year-round civilian employed population 16 years and over with earnings - Educational services, and health care and social assistance: - Educational services 2007","Total; Estimate; Full-time, year-round civilian employed population 16 years and over with earnings - Educational services, and health care and social assistance: - Health care and social assistance 2007","Total; Estimate; Full-time, year-round civilian employed population 16 years and over with earnings - Arts, entertainment, and recreation, and accommodation and food services: - Arts, entertainment, and recreation 2007","Total; Estimate; Full-time, year-round civilian employed population 16 years and over with earnings - Arts, entertainment, and recreation, and accommodation and food services: - Accommodation and food services 2007","Total; Estimate; Full-time, year-round civilian employed population 16 years and over with earnings - Public administration 2007","Total; Estimate; Full-time, year-round civilian employed population 16 years and over 2017","Total; Estimate; Agriculture, forestry, fishing and hunting, and mining: - Agriculture, forestry, fishing and hunting 2017","Total; Estimate; Agriculture, forestry, fishing and hunting, and mining: - Mining, quarrying, and oil and gas extraction 2017",Total; Estimate; Construction 2017,Total; Estimate; Manufacturing 2017,Total; Estimate; Wholesale trade 2017,Total; Estimate; Retail trade 2017,"Total; Estimate; Transportation and warehousing, and utilities: - Transportation and warehousing 2017","Total; Estimate; Transportation and warehousing, and utilities: - Utilities 2017",Total; Estimate; Information 2017,"Total; Estimate; Finance and insurance, and real estate and rental and leasing: - Finance and insurance 2017","Total; Estimate; Finance and insurance, and real estate and rental and leasing: - Real estate and rental and leasing 2017","Total; Estimate; Professional, scientific, and management, and administrative and waste management services: - Professional, scientific, and technical services 2017","Total; Estimate; Professional, scientific, and management, and administrative and waste management services: - Management of companies and enterprises 2017","Total; Estimate; Professional, scientific, and management, and administrative and waste management services: - Administrative and support and waste management services 2017","Total; Estimate; Educational services, and health care and social assistance: - Educational services 2017","Total; Estimate; Educational services, and health care and social assistance: - Health care and social assistance 2017","Total; Estimate; Arts, entertainment, and recreation, and accommodation and food services: - Arts, entertainment, and recreation 2017","Total; Estimate; Arts, entertainment, and recreation, and accommodation and food services: - Accommodation and food services 2017",Total; Estimate; Public administration 2017
22280,1600000US0107000,206215,24560,212744,"Birmingham city, Alabama",60496,197,159,3800,5687,2250,7649,2403,922,2184,4373,939,2341,145,3045,3735,10597,535,3437,4135,65528,46,0,3139,5680,1731,7256,2466,1320,1693,5032,1148,3965,0,2900,4829,11301,1703,4879,3479
23215,1600000US0137000,167121,31058,195369,"Huntsville city, Alabama",47733,0,0,2544,8291,917,4394,1431,288,1372,1700,1079,6938,0,1093,2749,5246,558,2322,4853,67113,288,112,4659,9794,1442,7692,1825,330,957,1941,922,10614,123,2139,3965,6785,624,3745,6868
21726,1600000US0150000,189476,30484,190273,"Mobile city, Alabama",52358,184,313,4375,4801,1650,6656,2490,1129,972,2184,1198,4722,46,1726,3465,8290,376,2122,3031,62449,326,78,3472,7316,1534,5937,3602,1024,1057,2418,1412,4794,44,2809,5605,9997,975,4858,2990
25742,1600000US0151000,200834,25504,199525,"Montgomery city, Alabama",59922,66,0,3805,8353,1435,5619,1629,692,1143,3882,963,2643,0,3051,4718,5889,781,3030,9173,56487,0,0,2578,9338,1024,4838,3146,103,1220,3521,330,3448,44,1676,4365,6159,938,3819,7106
17897,1600000US0177256,77430,21638,100296,"Tuscaloosa city, Alabama",17302,86,83,1349,2694,539,1428,592,243,728,309,136,887,0,519,2167,3119,187,902,863,31192,0,0,1436,4398,880,3061,1684,229,416,966,763,1420,0,1449,4344,5418,155,3105,402
34478,1600000US0203000,279671,41094,294356,"Anchorage municipality, Alaska",85223,72,2368,5877,1169,2689,8019,7347,377,2280,3523,2105,6664,175,3627,4155,12221,1190,4768,11761,105082,640,2139,6599,1749,2705,10612,7717,1132,2288,2808,1543,7692,513,2641,6222,18562,736,8881,13818
37320,1600000US0412000,227940,42670,253448,"Chandler city, Arizona",86666,337,0,7867,13966,4555,8183,2742,908,1649,7982,1729,7119,40,3821,6012,7381,1104,4844,3926,100453,193,62,5783,13957,3748,9297,4371,721,2244,10986,2674,9043,208,5016,7264,11921,1654,4530,3648
40447,1600000US0427400,195090,43531,242362,"Gilbert town, Arizona",64787,45,264,5047,8882,3104,6537,2907,833,809,5554,2742,5968,62,2234,3130,7997,1123,1538,3666,90306,30,59,3169,11764,3228,9154,3957,838,2587,8746,2773,7794,530,3950,7595,11685,1709,3490,4074
27982,1600000US0427820,235940,29755,246708,"Glendale city, Arizona",73704,201,52,9063,7325,3228,7997,4028,1075,1476,5187,1512,3694,52,4988,2594,8056,646,4503,4270,82085,598,109,6312,6864,1925,8366,6601,1069,1549,6701,1660,3717,0,4911,6036,13124,1623,3726,4141
27510,1600000US0446000,479415,30910,496395,"Mesa city, Arizona",150898,1012,262,23951,17605,4272,16433,6187,1196,2323,9097,2889,8632,106,10711,7275,13421,3790,10614,5441,166666,408,759,17636,15915,4514,18823,7895,1354,3226,12434,2982,13372,151,11045,11619,20807,2619,7505,5482
34875,1600000US0454050,152107,39324,168174,"Peoria city, Arizona",50181,212,160,4527,4479,2467,6247,2288,777,819,5018,1691,2668,41,2584,3355,5659,497,1647,2960,60665,140,0,4326,5730,2208,7103,2768,527,1726,6720,1061,3957,0,2594,4727,8832,713,1918,2916
28019,1600000US0455000,1513777,31917,1626085,"Phoenix city, Arizona",510372,550,579,78066,51339,18905,50111,21117,4308,8595,36261,13855,32373,1025,34599,19623,44519,7408,35607,25096,579003,1156,441,55788,43046,18269,58639,28211,3434,11066,53838,15824,40502,778,41708,36180,72150,8588,36166,26670
41402,1600000US0465000,213877,50851,249947,"Scottsdale city, Arizona",70712,260,0,4073,6458,2343,7232,2557,553,1422,7880,4578,8100,171,2882,3646,7322,2705,4175,1667,92569,212,264,3035,6680,3121,8456,3655,837,2220,11221,3947,12063,286,4380,6221,12399,2318,6039,2147
35115,1600000US0471510,107832,36025,134079,"Surprise city, Arizona",27424,0,0,3206,2561,827,3496,1110,239,1121,2270,901,1276,0,1559,1573,3294,163,670,2010,43643,0,0,4492,3748,610,6399,2107,434,958,3040,811,2000,61,1455,2394,6004,298,2990,3604
25819,1600000US0473000,168588,30516,185025,"Tempe city, Arizona",57963,0,0,6088,8797,2023,4724,2399,638,868,3913,1561,4108,0,3375,5580,5702,897,3543,1889,70580,296,145,5201,5888,1688,6826,3084,1835,1311,8176,1056,6794,351,3489,8109,7677,1282,3442,1757
22801,1600000US0477000,519260,24586,535676,"Tucson city, Arizona",144864,376,1034,12453,12654,4443,13743,5578,1396,2269,5222,2197,7849,216,10454,13160,19509,3944,10249,11504,153895,558,427,11992,11038,3184,18349,6201,1538,2148,6512,2754,9450,176,11353,14098,24732,2538,10041,12022
28347,1600000US0541000,198196,35867,198594,"Little Rock city, Arkansas",62752,268,0,2964,3407,2252,4287,3151,314,3830,5748,1155,4412,120,1788,4451,13224,887,3581,4123,75805,0,0,3675,3547,1964,8535,3002,1322,2174,5847,1810,4978,65,2787,7504,16179,763,2635,5506
25948,1600000US0602000,342856,30477,352456,"Anaheim city, California",110906,0,0,11756,24067,6497,9578,3907,723,1032,6224,2811,5097,110,7741,3606,9741,2084,8117,3132,122564,239,44,11386,18719,6008,10181,4605,995,2228,8107,2263,8809,301,7499,4710,14533,2668,8897,2941
35584,1600000US0602252,104426,34068,111683,"Antioch city, California",27833,0,0,3080,2226,1120,3178,1643,726,1296,2307,243,1350,47,1784,985,3785,61,431,2518,33546,312,0,3458,2062,1342,3686,2543,353,664,1013,716,905,242,2967,1629,5888,257,2425,1889
32393,1600000US0602553,88615,31720,100573,"Arden-Arcade CDP, California",26527,0,0,2369,1381,730,2047,475,751,1155,2599,697,2372,0,1007,1532,3218,198,1187,4172,31676,53,0,2583,1401,565,2724,1539,651,929,1497,800,2689,0,2622,3022,4696,508,1694,2277
26594,1600000US0603526,324540,31808,380887,"Bakersfield city, California",87176,4866,4260,8476,4993,4144,7320,4215,1409,2521,4096,2035,3463,0,3877,5343,10383,690,5366,6815,101055,5441,5385,7739,6593,4170,9092,6833,1305,1226,3481,2206,3917,47,3875,6658,15419,721,5814,7888
31078,1600000US0606000,111680,31870,122334,"Berkeley city, California",25465,0,0,1273,1622,681,1503,334,235,938,1383,425,4320,0,287,5733,2724,762,701,1512,35780,0,0,994,1801,1002,1480,132,196,1699,1554,345,7126,0,1776,8469,3206,1469,1276,1111
41019,1600000US0608954,96972,40992,104823,"Burbank city, California",36757,0,0,2665,2662,825,3668,2058,624,4828,989,1190,2364,90,2397,1784,4677,1996,1088,936,38790,41,242,1559,2165,782,2157,1127,248,4453,2938,1913,4520,39,1283,2183,4489,2998,2626,848
44703,1600000US0611194,95796,60638,115326,"Carlsbad city, California",30042,229,0,2568,4429,1059,2935,309,655,1599,1581,1954,3746,0,683,1873,1952,1113,943,1713,37671,158,0,1523,7560,809,1842,684,876,1085,2027,1963,6088,0,1971,2518,4258,1048,414,1495
32131,1600000US0613392,227336,37056,270450,"Chula Vista city, California",68707,488,224,4619,8201,2397,6876,3535,651,2042,3259,1310,4939,0,2193,4678,7179,968,2616,8475,71417,0,0,4763,6279,1716,5171,4005,1056,1271,3757,2428,5803,0,4599,4891,11250,1226,4122,6761
31867,1600000US0614218,92987,39468,109700,"Clovis city, California",27627,931,0,2123,2119,1628,3391,1058,295,941,2220,900,1148,0,738,2320,3350,284,487,2915,33541,372,0,2084,2192,782,3961,1222,712,1025,1603,1432,2169,39,519,2950,5345,559,948,3378
35442,1600000US0616000,124300,41782,129778,"Concord city, California",40231,0,0,3752,2796,1199,5199,1735,861,1411,3586,1332,3075,72,3492,1247,4080,665,2951,1462,42788,214,46,3897,4294,794,3036,1444,486,792,3146,1296,4563,51,2451,2994,4804,388,3250,2172
32978,1600000US0616350,156394,35305,167843,"Corona city, California",53716,224,61,4510,7688,2327,6644,2455,387,1749,4973,1799,3020,95,2250,2624,4495,436,3018,2864,58775,273,0,4048,9726,2342,7063,3081,998,1518,3858,1255,3623,48,2743,3123,6487,451,2006,4801
33204,1600000US0616532,114057,36778,113821,"Costa Mesa city, California",40622,274,0,3842,3772,2034,3470,1236,42,1223,3590,1326,4515,195,2260,1926,3306,534,3868,497,44111,118,0,2386,5611,1544,4845,1092,182,779,3097,1999,5381,0,3197,2968,4547,894,2504,708
33160,1600000US0617918,104752,36991,107091,"Daly City city, California",38561,54,0,2904,2066,1197,3651,3093,515,1659,1716,1437,2157,0,2836,1048,6561,117,2755,2579,43012,0,0,1709,2348,926,4217,3998,179,783,2738,908,2976,0,1881,1825,8145,208,5153,2285
31871,1600000US0619766,109920,35325,113089,"Downey city, California",32881,0,0,2639,5038,1841,3597,2652,441,422,1690,1244,926,0,1696,959,4607,187,1603,1441,39727,177,0,3111,4805,3171,3571,3601,192,549,2041,426,2957,41,1291,2342,5746,854,1164,2551
18864,1600000US0620802,122506,26035,125542,"East Los Angeles CDP, California",35743,585,0,3266,8840,1407,3278,2694,0,103,769,1266,950,0,2581,1486,3871,568,977,842,40960,84,0,4470,6933,3494,5079,3487,211,58,230,329,642,0,2279,2079,4857,460,2930,1221
23546,1600000US0621712,97964,29339,103906,"El Cajon city, California",26316,56,160,2658,2515,454,3267,1370,826,401,1050,386,1085,196,1726,1065,2543,1484,1867,1809,30741,0,0,2562,2081,568,4491,1787,73,129,1678,316,2059,0,2479,1804,4533,1329,1973,2361
39800,1600000US0622020,138072,39542,171831,"Elk Grove city, California",44573,97,0,2883,2518,1836,4193,2808,640,958,3072,802,2306,0,1367,1929,5748,1255,2483,8011,54956,298,135,2035,2678,1779,4294,2208,1075,1052,3072,934,3984,48,2216,4471,11054,583,2108,9469
19000,1600000US0622230,113308,21645,116110,"El Monte city, California",30463,0,0,3499,8253,1596,2589,2441,0,548,914,285,1049,0,911,807,2245,35,3279,502,33899,75,0,3200,6374,1467,4142,2871,165,248,974,272,1404,0,2043,1362,3392,784,2348,426
26228,1600000US0622804,128819,31056,151979,"Escondido city, California",40756,594,105,4618,5068,1326,5527,583,193,969,919,934,3310,0,3100,1954,3027,1757,3557,1249,51845,1257,0,6814,5221,1151,5682,3102,452,878,2046,919,2960,0,5083,2476,3989,1335,3675,1976
32903,1600000US0623182,111007,39616,116280,"Fairfield city, California",33516,702,41,2449,3073,1539,2850,2183,209,957,2494,1662,1251,0,995,1754,4413,308,1793,3614,36181,53,46,2263,4325,812,3657,3052,695,598,2844,844,982,137,945,1980,5791,347,1630,3569
29508,1600000US0624680,193716,30588,211820,"Fontana city, California",59079,0,0,5751,8284,3393,6242,4936,514,885,3202,974,1978,0,3954,2005,7994,910,2490,2852,70670,196,56,7443,7883,3031,8361,9484,1229,936,2668,493,3229,70,1719,5241,8720,570,3207,2267
48892,1600000US0626000,214957,66636,234954,"Fremont city, California",73084,43,0,4047,19083,3494,4612,1814,760,2473,2657,1407,13030,123,3508,3161,6338,483,2523,1674,94253,203,0,2522,19921,2990,6188,2205,393,4668,4240,2211,25166,126,2841,4797,8505,861,2668,1366
23898,1600000US0627000,476460,26591,527422,"Fresno city, California",120622,2962,73,8545,12070,4670,14447,5579,1217,3445,4629,3898,5797,41,6144,6487,17700,2044,5998,9470,138076,5083,92,8142,14155,4887,13439,7130,1151,1996,4499,2040,8067,48,8750,11734,20374,2715,6674,10669
34253,1600000US0628000,126955,31949,140402,"Fullerton city, California",39236,37,0,2609,7167,2379,4662,1150,100,1021,2333,1358,4191,269,1386,2527,3748,768,1748,837,45376,413,0,2428,5821,2352,3719,1477,342,1614,2130,1041,3204,215,2772,3925,6341,549,3259,1643
27233,1600000US0629000,145923,30831,174228,"Garden Grove city, California",40383,96,0,4340,7819,2111,2939,2260,224,892,2428,502,3108,0,1653,1008,4447,728,2434,1087,57022,111,147,3570,12225,2173,5350,2034,316,553,2898,1771,3089,35,2308,2829,6576,1067,4706,1908
31936,1600000US0630000,200859,36561,203066,"Glendale city, California",59882,65,0,3907,4706,1491,6983,3047,523,3808,4550,2338,4421,0,3281,3155,7892,1449,2667,1989,64868,0,0,3265,4490,1568,5111,4391,630,4408,2778,1799,8441,39,1952,3628,11406,2155,2382,3044
32143,1600000US0633000,129885,41095,160485,"Hayward city, California",45251,0,0,4159,8004,1169,4340,3168,215,1652,1944,1354,3098,124,1987,1833,4855,656,2781,1493,63069,115,0,6114,9645,1718,5926,3736,539,1404,1660,1423,4289,92,4848,2859,8630,838,4116,2589
42199,1600000US0636000,188056,43874,201882,"Huntington Beach city, California",64775,138,52,5652,9434,2783,7004,3874,471,2405,6043,1546,5812,43,2872,2615,6482,1512,2400,1810,70948,67,0,3530,10691,3030,6274,2717,498,2638,5347,2107,7949,48,3176,3778,8448,2223,2486,2884
25471,1600000US0636546,106581,29544,110611,"Inglewood city, California",34418,0,116,2567,2478,1101,2059,3621,120,599,1570,1085,1313,0,3029,2421,5596,569,3082,1361,36656,39,0,2293,3001,622,3610,2681,231,1782,1459,519,1053,0,3831,2364,4844,542,3729,1921
47738,1600000US0636770,205813,57465,277436,"Irvine city, California",68205,215,0,2206,10410,3489,4518,1415,224,3065,7425,3041,12441,168,1899,3654,5742,451,2895,1574,93516,0,87,1732,14622,2742,7187,2185,154,3315,10099,2658,20564,49,1751,7098,9588,1078,4710,1484
30710,1600000US0640130,155902,35793,160323,"Lancaster city, California",41866,0,172,3461,4359,986,4247,2241,436,838,1661,1367,1475,0,2266,3385,5342,364,2705,3844,46826,248,56,4339,6340,636,6361,2947,451,635,1447,164,1376,0,2826,4696,6689,388,1644,3457
26326,1600000US0643000,458302,34788,469459,"Long Beach city, California",131695,132,0,7533,23183,5089,11575,8425,520,2636,4597,3620,8508,56,7651,7013,17895,2794,7987,6173,163756,170,391,8542,17741,5616,13565,14991,902,3911,6805,4513,12604,258,8796,12756,22059,2266,9326,11005
25587,1600000US0644000,3806003,31191,3999742,"Los Angeles city, California",1165878,1954,520,90787,137938,41909,112662,47946,4286,68980,59576,30625,95038,1164,66650,55431,123226,35865,82412,32094,1400309,3573,613,90155,130183,43981,123899,72101,7381,89284,61044,35137,143110,1573,78629,83489,167833,46378,98709,38732
30072,1600000US0648354,198456,31083,214220,"Modesto city, California",51239,1121,0,4508,7515,2646,6860,1843,265,625,2391,806,2900,0,2207,3148,6392,68,2851,2631,61691,937,0,5263,8139,2473,7849,6083,436,614,607,1054,2586,0,2800,5647,9832,711,2554,1417
27039,1600000US0649270,190990,27470,207211,"Moreno Valley city, California",51228,135,45,6774,6281,2428,5330,6217,111,982,1449,1174,1557,0,2754,3668,4580,915,1455,3262,63380,698,98,6399,4943,3080,7502,9118,516,1481,1063,2284,1621,39,2452,4362,7162,679,3153,3572
38592,1600000US0650076,89885,32291,113316,"Murrieta city, California",23735,108,100,3964,3399,1057,2638,726,793,218,1175,907,948,38,765,1429,2051,852,326,1992,28177,599,71,2058,2482,494,4047,1014,352,295,936,745,2305,0,641,2102,4046,1081,1617,2591
25084,1600000US0652526,112001,35030,106086,"Norwalk city, California",31037,0,0,1773,6319,1834,3823,2422,0,1131,1111,469,1372,0,1360,852,4087,633,1315,891,38230,242,177,2503,5311,2036,4166,2830,183,804,1383,857,2012,0,1493,2363,5397,753,2241,1384
31801,1600000US0653000,358829,40234,425204,"Oakland city, California",104226,0,121,6904,9594,3520,9237,5296,937,4900,4833,2955,11352,87,5381,8335,12852,1719,5077,5323,152688,471,147,10621,11113,3814,14171,6178,1071,5190,6181,2997,23570,186,7436,14838,17957,3467,10671,5923
30192,1600000US0653322,168814,32425,176208,"Oceanside city, California",51624,49,152,4084,7834,1784,6255,1540,563,1166,1632,1069,5818,0,3363,1614,4453,1256,3036,3766,56642,1049,0,3221,8865,1272,6614,1709,658,1182,1673,851,4562,49,2760,3292,8192,741,3087,3843
26866,1600000US0653896,156027,30220,175850,"Ontario city, California",51117,262,0,6235,10025,3583,6265,3697,375,588,1875,808,1963,0,2873,1756,4559,488,1194,2114,58648,618,0,5320,8142,3012,6082,6431,367,908,2796,1358,2024,0,3788,3068,5228,611,3581,2775
32285,1600000US0653980,142097,36534,140557,"Orange city, California",44795,370,161,3851,6745,1911,3308,786,147,1063,4391,696,5208,173,2627,1720,3817,449,2248,2617,51861,143,0,5355,7135,2000,4195,1992,142,522,3230,1619,5111,154,2292,4301,5674,784,2154,1989
24500,1600000US0654652,167412,29096,210038,"Oxnard city, California",49025,2946,115,3627,8119,1825,4735,2153,210,491,2954,918,1832,122,2746,1774,4563,374,1978,4798,68526,7409,0,4683,10566,2315,6760,2075,145,542,2732,1315,2156,73,4332,2961,9408,843,4068,2769
27720,1600000US0655156,132266,29586,157507,"Palmdale city, California",34278,0,70,3956,5537,1643,3308,2091,433,766,1762,1219,1282,0,1861,1591,3663,279,1566,1955,42820,121,0,4670,6112,2188,4380,2830,552,882,1357,960,1374,0,2662,1918,5699,406,1853,2654
32349,1600000US0656000,136936,40341,142632,"Pasadena city, California",47210,62,0,2829,4048,1090,3693,804,525,2703,4408,749,5175,0,2881,4403,5914,911,2005,1851,54157,51,0,2686,2844,1223,3742,962,703,3223,3956,2192,5974,71,2559,6720,7544,1082,3227,2826
21382,1600000US0658072,142111,25215,152946,"Pomona city, California",40373,0,64,3458,9229,2076,4018,2962,752,529,2172,1180,1309,130,2910,964,3098,173,1158,1720,48222,354,153,5943,6929,2698,4756,4335,608,692,1769,483,2148,42,3384,1317,5247,645,2822,1524
38543,1600000US0659451,157777,40547,177446,"Rancho Cucamonga city, California",50640,86,0,3426,5659,3736,5325,3433,989,644,5105,1955,3511,63,709,2167,4836,1138,1814,4243,57674,0,39,3039,7361,1974,6598,4346,1109,443,2087,2863,4985,143,1686,4328,6862,208,2473,4800
22707,1600000US0660466,108969,26865,103555,"Rialto city, California",31772,179,0,4980,5403,1726,2772,2631,543,482,835,120,735,0,1846,1700,2435,70,1286,1279,31592,68,0,3227,3215,967,4075,5355,180,755,1077,575,734,0,1584,1515,3316,463,1445,1403
30763,1600000US0660620,97279,33981,110037,"Richmond city, California",27739,0,0,2754,1506,1382,2773,2160,211,351,1723,818,2555,0,1108,1281,3302,508,2578,1772,38339,243,0,2360,2609,904,2692,3590,0,913,1568,963,2470,51,2763,3162,5396,624,4428,1351
26091,1600000US0662000,316154,27207,327722,"Riverside city, California",94268,326,167,8512,16831,4068,10187,4704,699,3237,4117,2593,5079,48,5034,5828,9212,915,5808,3460,103636,552,278,9414,14956,3071,13187,5294,1698,1107,2941,2145,4593,0,4331,9616,13919,1147,4054,6582
41555,1600000US0662938,114958,45997,135325,"Roseville city, California",38395,0,0,3399,2979,1737,3910,1327,537,1320,4997,1339,2837,80,1439,1671,4825,0,962,2735,45652,44,0,3246,3726,1708,4319,1716,531,1251,4785,1074,4999,0,1633,2544,5867,664,890,4864
30055,1600000US0664000,451404,35064,501890,"Sacramento city, California",128792,489,69,8747,5963,4309,13007,4920,1734,3635,7449,3504,8720,0,8200,7092,16204,2108,6477,19297,164274,611,42,10816,9729,4406,13190,8461,1481,3831,9154,3227,13445,128,7949,13840,19651,3217,6727,26592
22139,1600000US0664224,140499,25922,157594,"Salinas city, California",33241,4459,0,2506,2617,1785,4324,757,573,630,1140,489,796,0,1546,1731,3915,152,1598,2634,45132,6851,0,3446,2805,1108,3849,2484,738,784,985,427,1296,34,3649,2933,5815,710,3017,2953
23676,1600000US0665000,203691,25198,216983,"San Bernardino city, California",52564,373,196,6352,4789,2740,4710,3795,751,621,1051,1332,998,0,3259,2943,7622,1293,3240,3593,54783,266,210,4655,6019,2048,6158,7608,285,232,1471,1356,1394,0,4026,2565,8512,911,2424,2664
33497,1600000US0665042,105673,35688,110784,"San Buenaventura (Ventura) city, California",33009,280,98,3040,3671,1592,4920,837,921,841,1437,636,2342,0,1310,1525,4248,316,1139,2940,36081,1091,304,2853,2729,818,2274,1535,258,422,1206,708,3082,0,1701,3853,4598,367,2636,3113
33531,1600000US0666000,1276740,38044,1419488,"San Diego city, California",395905,271,130,22213,42841,13328,32596,12212,3572,15703,20738,11619,53315,645,16858,23546,43978,8404,26643,28674,494526,916,0,24563,56263,11654,41071,16368,4197,15079,24820,13368,69224,671,20178,37039,65850,12504,32796,28343
41791,1600000US0667000,764976,60093,884363,"San Francisco city, California",285588,129,0,13610,17666,6272,22499,10098,2065,16175,24997,8656,49461,525,12018,17722,28161,7585,24681,11443,378260,571,52,12701,19603,5958,29228,16726,2813,25061,27984,9794,93055,766,12055,23485,38167,8833,27652,12267
37163,1600000US0668000,922389,45345,1035353,"San Jose city, California",298364,1022,0,24160,72396,10032,25591,9742,2249,10675,9363,7691,30731,460,16521,13262,25099,3021,14829,9505,390652,1521,242,25795,78282,10206,28009,13231,1976,15755,14814,7452,58646,783,17013,21850,40971,4226,22134,14310
46622,1600000US0668252,91461,63223,104733,"San Mateo city, California",32996,0,0,1906,2692,1497,3305,1621,267,1745,2349,1156,5167,0,1166,1866,3469,210,1821,1090,39162,46,0,2396,4087,1195,3577,2158,97,1977,3354,835,7351,90,1061,2523,3635,367,1822,690
21224,1600000US0669000,327780,26043,334135,"Santa Ana city, California",100619,630,68,10207,23963,3172,11111,2790,292,2134,3254,1886,5080,191,8850,3027,6417,1133,8142,2050,115472,832,0,12464,25280,2412,10502,4008,124,1131,3862,2713,4268,31,11905,3610,11847,2058,9595,2487
46139,1600000US0669084,105591,56049,127131,"Santa Clara city, California",33242,0,0,1776,8942,911,1866,856,0,1627,356,833,6479,0,724,1307,3395,554,1667,683,47593,0,0,828,9529,1576,3024,1300,46,2752,669,776,13426,39,2233,2336,3996,766,1779,883
35308,1600000US0669088,177740,42273,210886,"Santa Clarita city, California",61090,427,0,4413,8700,1740,5904,3111,1046,4137,3845,1129,5168,0,2312,2866,5222,1729,3576,3119,72617,439,118,5428,9589,2348,6034,2652,1190,3095,3479,1641,6480,39,2435,4746,8879,3190,2683,4096
20639,1600000US0669196,86160,25116,107018,"Santa Maria city, California",22735,6130,156,1698,2103,552,1818,369,0,368,171,190,708,164,1301,886,2076,420,873,1279,36074,9080,281,2754,2602,648,4813,1121,160,154,713,305,1010,0,1952,1096,3361,141,1167,1749
31850,1600000US0670098,147516,36108,175269,"Santa Rosa city, California",43116,181,0,5321,6564,1623,6487,1662,491,795,2362,1420,2074,0,1515,896,4707,843,1887,2047,57614,1615,71,4794,8010,1433,6610,2035,970,671,1766,1494,4178,69,3402,2610,6432,1708,3631,3063
39825,1600000US0672016,127053,42782,126875,"Simi Valley city, California",48761,380,0,2848,6011,1821,3859,1187,416,2511,6962,1839,3000,42,2596,1738,5031,1667,3387,1454,41147,89,0,2574,5821,1106,3199,944,419,1448,5335,937,3274,22,1539,2907,4897,1049,1465,2203
24570,1600000US0675000,295070,28693,310476,"Stockton city, California",71610,3907,0,6895,8810,3482,8565,4560,708,1412,4526,1555,2561,0,3358,3377,8039,798,2456,3363,89442,3182,108,6766,8598,4037,9681,8281,1157,851,3082,1402,3160,0,5836,4612,11203,891,4727,6731
48461,1600000US0677000,135548,67670,153656,"Sunnyvale city, California",50451,95,0,2041,12310,1560,4271,732,92,2912,981,593,11929,345,2073,2196,2517,191,2785,1582,65614,117,0,1817,14884,1419,2918,1189,230,5970,1585,496,18645,127,2982,2519,5608,473,2555,823
32489,1600000US0678120,93743,41052,114318,"Temecula city, California",25990,0,0,2182,2433,1008,2337,899,170,579,1222,1248,2475,0,1038,2216,1669,1282,2892,1893,36188,104,0,2771,4120,1168,3751,1133,618,1585,2258,816,2923,63,519,2559,4206,1460,1766,3485
44231,1600000US0678582,128519,50174,128972,"Thousand Oaks city, California",37577,124,91,2648,5703,1214,2449,414,132,1546,6036,1767,4183,468,1056,2655,2346,446,1282,1675,42412,179,0,1654,5113,1467,3167,623,211,1632,4439,1143,5894,177,1249,3171,4981,1185,1907,2869
42196,1600000US0680000,143628,47588,146745,"Torrance city, California",47095,0,0,2485,9660,2589,3773,4014,568,1883,2809,1711,3979,0,1362,2302,4277,461,2274,1829,50417,0,66,2241,8178,2419,3379,3229,741,1953,3705,1384,5848,78,1237,3238,6059,1302,1830,2227
37292,1600000US0681554,93795,38168,100023,"Vacaville city, California",24503,70,0,1815,2458,490,2679,1565,477,627,1405,669,1727,46,1330,1007,2449,65,736,3520,29774,249,0,3290,2631,827,1293,1991,491,533,1329,741,1232,0,1648,2329,4614,246,1131,3648
32183,1600000US0681666,106608,35628,122086,"Vallejo city, California",30701,316,61,2687,3190,430,2943,2535,345,699,2497,1106,2114,0,1101,1472,4138,358,1303,1813,36371,168,25,3089,4079,720,3116,2494,349,547,2070,531,1805,59,1641,1834,6678,260,2623,1964
30734,1600000US0682954,115899,34574,133009,"Visalia city, California",33270,1531,0,5233,3242,1088,3042,1420,363,280,1083,1484,1347,44,920,1674,4246,202,1666,3224,40063,1074,10,2645,4200,1522,4062,2230,69,1531,1068,514,1694,0,1352,4190,6130,81,1506,4024
25102,1600000US0682996,97977,30692,101557,"Vista city, California",30954,215,0,3952,5105,1490,3608,1098,54,543,557,650,2125,0,2466,1531,1561,648,2111,2307,36914,1011,0,3905,5511,997,3388,1149,61,633,815,1227,1558,0,4566,2249,4377,388,1880,1763
30940,1600000US0684200,103154,36833,107623,"West Covina city, California",33059,0,0,2087,4698,1667,2413,2020,821,1322,2388,853,712,0,1263,1513,5412,464,1883,1940,37179,147,0,2194,4650,2578,4330,2352,467,717,1441,691,2291,0,1496,2206,6517,600,1529,1725
33445,1600000US0803455,108506,42388,118300,"Arvada city, Colorado",38375,94,244,4144,4813,1297,4832,2294,665,1198,2156,729,2586,58,1076,1528,4796,696,1099,2616,47922,281,607,5374,4786,1134,3327,1123,313,1462,2304,1599,4558,45,2175,4809,6676,881,1485,2931
29270,1600000US0804000,310413,33952,367250,"Aurora city, Colorado",105657,206,504,13012,6252,5672,9405,8329,591,5131,8564,3279,6519,358,5533,4014,11095,1108,7275,5647,141505,772,508,14177,7813,4647,14722,8167,712,5319,9866,3505,11190,45,9025,9039,17606,1691,10561,6209
20482,1600000US0807850,92569,25946,107128,"Boulder city, Colorado",26491,43,62,1000,2556,988,2354,438,145,991,1156,574,6465,118,432,3135,1794,768,1636,698,30604,314,143,986,2729,644,3376,129,165,1827,1272,525,5742,0,589,5038,2389,738,1082,1889
37147,1600000US0812815,102175,51055,110277,"Centennial city, Colorado",35378,130,255,2021,2412,1659,3095,1645,263,3222,4086,1352,5797,91,1159,1740,3321,455,223,1434,41340,42,445,3351,2338,1663,2933,1930,576,2025,3564,1295,6739,47,1429,3969,3884,513,1097,1868
27333,1600000US0816000,389490,32433,464470,"Colorado Springs city, Colorado",119142,174,116,10088,10821,2587,13260,3954,2039,4799,7185,2669,13540,179,5628,6543,12785,2007,5556,8084,150949,1001,242,11260,10966,2748,14664,6038,1248,3972,10475,3122,14916,0,6218,13774,19409,2163,10448,10436
30028,1600000US0820000,588349,41316,704621,"Denver city, Colorado",188757,354,949,19103,11984,4983,16107,10319,1255,8898,11641,6948,21036,369,9836,10611,20018,2658,13234,9064,302815,1316,2417,27235,19221,8689,22283,11598,1599,11241,22595,9246,40314,1115,12588,22163,36634,6101,21489,13813
21420,1600000US0827425,135717,26413,165089,"Fort Collins city, Colorado",38475,579,0,2953,6299,1195,2856,1249,323,882,2001,1241,3170,0,1370,4435,4397,296,834,2898,54002,1064,395,3740,7045,1476,4227,1169,780,833,3042,1111,5443,0,2047,8147,5429,723,3055,2125
19823,1600000US0832155,90005,30755,105457,"Greeley city, Colorado",27222,667,386,2292,4219,848,3736,766,478,466,1769,229,1475,672,750,2336,2585,332,1086,789,34339,879,2101,4535,4181,1736,3408,1079,111,731,1289,367,1407,0,1560,3344,3192,287,1105,1686
47485,1600000US0836410,94418,53774,107216,"Highlands Ranch CDP, Colorado",32163,0,607,1193,3042,2075,2937,669,232,3143,4095,1086,4844,92,1205,761,2196,363,1349,1640,39544,0,352,2594,3708,1076,3077,1425,502,2134,4617,790,6055,41,1776,2758,3604,523,1895,1765
31385,1600000US0843000,137390,36986,154952,"Lakewood city, Colorado",46814,169,171,5003,3453,1135,4815,2353,642,1663,2660,1326,4249,265,1586,2589,4948,662,2737,3176,61353,428,783,6349,5070,1406,8069,1944,561,1111,3254,1843,6038,128,2546,3526,5757,766,4573,4587
23639,1600000US0862000,102390,24074,111121,"Pueblo city, Colorado",26195,0,47,3312,1964,490,2880,562,505,732,859,139,461,0,1637,2522,4700,421,1040,2362,32162,465,81,1799,2267,788,4822,950,47,381,1817,740,1008,0,1799,2393,5743,398,2605,3235
34439,1600000US0877290,110594,37137,136992,"Thornton city, Colorado",41716,283,53,4601,5402,1571,4186,3589,320,2293,2467,683,2464,93,1255,1834,2574,205,2668,2120,52053,52,639,6196,4545,1205,5127,4281,616,2046,2650,425,3570,122,1881,2386,6427,1420,1810,3751
33623,1600000US0883835,106520,36292,112814,"Westminster city, Colorado",39861,0,161,3787,5157,1634,4309,2650,528,1909,2400,847,3129,147,970,2287,4448,639,1358,1762,46416,77,190,3958,5577,1602,4424,2320,108,1059,2657,602,4691,52,2134,3624,4261,984,2970,2609
26380,1600000US0908000,130973,25813,146582,"Bridgeport city, Connecticut",42199,96,0,4093,5369,783,6241,1458,265,1781,1383,550,1275,0,2763,2331,7907,235,3070,933,39775,0,0,3324,4148,870,3999,2025,470,707,1576,347,939,0,2232,1727,9131,924,3775,652
20552,1600000US0937000,117249,25003,123420,"Hartford city, Connecticut",29428,179,0,1380,3337,458,3101,767,114,675,3032,424,1499,68,1292,1327,6706,52,2085,1537,31108,0,0,2767,1609,424,3063,2910,148,794,2126,530,1189,0,2172,1410,6326,481,2029,1023
23507,1600000US0952000,123475,26890,131005,"New Haven city, Connecticut",33496,75,0,1685,4029,925,2194,1279,210,663,1669,481,1802,0,1378,5861,6391,212,2906,724,34995,116,0,1821,3031,1369,1758,885,303,339,1333,344,1946,164,1098,7475,9340,209,633,1126
36955,1600000US0973000,118200,45189,130835,"Stamford city, Connecticut",41710,0,0,3586,2842,824,3371,1426,102,1267,6584,939,4643,272,3181,2488,5429,610,2016,327,49852,0,0,2774,2736,583,5162,833,63,2594,6877,886,6104,150,4166,2739,6038,1064,3566,938
27501,1600000US0980000,116502,30076,108642,"Waterbury city, Connecticut",30286,0,68,1287,5646,502,3126,1501,186,850,1028,843,745,0,1100,2343,6242,251,872,2087,28777,0,0,2042,4766,1415,3628,704,198,227,1035,178,958,0,2002,1603,6571,235,679,1462
38814,1600000US1150000,588292,54604,693972,"Washington city, District of Columbia",199845,174,0,6972,2750,1300,10263,7144,305,10235,8108,5865,33416,539,9846,14098,19174,3856,10347,36605,287039,216,30,6205,3842,1811,8113,7454,897,10420,14108,8657,61818,91,8884,21924,21153,5377,16020,60820
32808,1600000US1208150,90470,32593,121190,"Brandon CDP, Florida",34459,0,53,2455,2178,1072,5429,1332,102,1394,3264,811,2734,50,2184,1733,3745,648,1823,1987,44324,187,0,1731,2096,1382,5298,2493,227,1003,4478,413,4511,124,3162,2407,6438,462,4495,2057
30415,1600000US1210275,149748,30825,183356,"Cape Coral city, Florida",50061,0,0,9110,3021,1746,6752,1568,585,1430,2153,2136,1752,0,2651,1602,6699,696,2668,3493,63114,284,0,9095,2594,994,7461,2417,1335,989,2382,1532,3113,297,3562,3365,11053,1486,4686,3508
23578,1600000US1212875,107430,29887,115501,"Clearwater city, Florida",37590,0,0,4331,3209,1316,3061,914,249,989,1581,1108,2661,168,1889,968,4023,603,3724,1898,38146,0,0,2347,3593,530,3770,3039,521,395,2773,812,1915,0,2443,2228,5984,755,3963,1580
34483,1600000US1214400,120808,36149,133058,"Coral Springs city, Florida",41396,0,0,3300,2631,2569,5262,1217,267,1437,3890,1277,3555,0,2520,1958,4012,611,1873,2595,47840,0,0,4190,2459,2437,4955,2292,306,1745,2148,385,3931,45,2259,3741,7788,1301,3269,1961
32138,1600000US1216475,98018,34801,105146,"Davie town, Florida",35232,0,0,1896,2029,2436,4933,1783,239,1241,2375,1551,3668,202,1270,1920,3492,454,2204,2230,32947,399,0,1898,975,1810,2983,1451,352,986,2669,962,3429,0,1894,4142,3363,704,2000,1340
29978,1600000US1224000,166776,31082,180071,"Fort Lauderdale city, Florida",56373,139,0,3513,3927,2746,6677,2708,218,2133,3842,2550,4962,45,3969,2060,4441,645,6420,2190,63673,79,0,6511,4098,2107,7713,3193,377,1624,1964,2189,8925,66,3324,3023,6267,1130,5496,3863
14678,1600000US1225175,111223,19985,132253,"Gainesville city, Florida",24002,119,0,506,940,451,1861,466,259,673,766,1063,1103,0,228,5739,4965,668,1729,1644,39802,205,0,1610,1392,116,3690,870,416,799,736,1087,2117,0,1280,8678,10067,318,3442,1916
20983,1600000US1230000,215692,22756,239682,"Hialeah city, Florida",73969,150,0,8945,11023,4319,8233,7739,151,731,3709,1931,2513,0,3892,2959,7805,336,2831,1370,86415,157,0,9391,10230,5193,9899,9824,740,2123,3652,1876,2896,0,5741,2703,7648,1117,4432,1759
30107,1600000US1232000,139258,30887,153625,"Hollywood city, Florida",43906,0,0,4321,2200,1381,4818,2436,158,992,2303,1857,5167,0,2519,2675,4488,780,2931,2548,52559,334,0,4367,1520,2839,6066,2546,392,984,2118,1709,4769,199,2724,4482,6574,2013,3459,2575
30546,1600000US1235000,808526,31470,892064,"Jacksonville city, Florida",271769,110,59,25860,19934,12440,28735,22774,1519,6607,28140,5147,16041,620,14495,11696,33267,2844,10928,20794,314529,283,213,27201,21711,6635,32674,20610,2545,6231,36485,6762,20356,280,19069,17825,43535,4693,16402,16750
25529,1600000US1238250,91947,31338,108051,"Lakeland city, Florida",27622,200,71,2802,1975,572,5208,960,235,601,1745,701,1360,60,483,1991,3745,1021,2154,899,35285,314,26,2080,4034,1079,5777,1678,172,531,2333,880,1956,43,2072,2194,5028,396,1566,1431
24957,1600000US1239925,68925,25368,132618,"Lehigh Acres CDP, Florida",21496,40,0,4266,1486,1041,1754,423,520,41,802,754,678,0,1150,826,3481,587,1311,1180,39937,1082,331,6824,1703,816,5086,2576,277,346,1027,1329,623,0,3460,1717,5796,388,2763,2421
20458,1600000US1245000,348827,26794,463354,"Miami city, Florida",110959,295,0,17451,5465,4127,11625,5855,616,2901,4150,4444,7199,0,7447,4492,11489,725,10150,4302,180424,860,0,18957,6820,5540,15912,14465,894,2667,9871,7733,13398,83,11252,10364,20743,2668,21420,5383
26024,1600000US1245060,112259,26299,113743,"Miami Gardens city, Florida",36580,380,0,2282,1923,1841,3884,3215,140,758,1796,358,728,78,3017,3116,5437,797,1727,3042,38176,0,0,2451,1506,1253,5341,4823,115,667,856,614,889,85,3324,2443,4778,770,2550,2597
33213,1600000US1245975,120144,37561,140323,"Miramar city, Florida",43864,0,0,2200,2383,2139,5783,3949,200,1283,3962,1858,2553,160,1905,2375,6408,394,2142,2626,56102,0,0,2693,3451,1248,4069,3419,667,1246,2597,883,5092,0,5134,4608,10968,852,3888,2955
26304,1600000US1253000,223801,27568,280258,"Orlando city, Florida",81708,79,0,10923,3612,2573,7387,3562,295,3004,4739,3405,6862,68,6091,2024,8394,4945,7613,2545,105109,373,0,5430,5928,2840,10835,5303,425,1716,4176,5731,10838,199,5888,5451,12337,6374,11937,4069
24552,1600000US1254000,102153,26263,111660,"Palm Bay city, Florida",28965,0,0,3354,3688,603,3981,1482,259,404,983,277,1782,185,2673,969,4358,289,1774,1337,38284,0,0,2994,3619,1203,5381,1116,246,869,1637,825,2180,0,3770,1676,7509,685,1898,1384
35814,1600000US1255775,164839,40596,170703,"Pembroke Pines city, Florida",52673,74,0,4724,2835,1966,6211,4939,502,2248,4278,1437,2622,0,1671,4054,5440,518,1552,5023,67434,91,0,5887,3143,2725,7117,5215,432,1200,4523,1797,4877,45,2447,4918,9576,689,4911,5821
22426,1600000US1258050,103611,27575,110464,"Pompano Beach city, Florida",33001,0,0,5227,3159,1671,4134,1744,39,1354,1088,1443,1477,0,2370,1033,2105,42,3102,591,36610,136,28,4730,3718,1567,2774,1144,202,837,2024,883,2762,0,2920,1356,4584,986,3222,1144
28051,1600000US1258715,152384,29254,189331,"Port St. Lucie city, Florida",47008,226,52,9197,1795,827,8046,1780,1082,1029,1954,1569,1253,0,4053,1912,5949,542,1545,2647,59337,74,0,6750,3658,1813,7632,2950,860,257,1906,564,1725,0,4870,2765,10482,1293,4962,2577
28425,1600000US1263000,236605,32490,263252,"St. Petersburg city, Florida",83547,63,0,5101,7806,1721,8855,3092,568,2834,6821,2358,6685,54,4910,4157,13276,991,4807,5062,96503,91,275,5024,7469,2047,7917,3383,724,1598,7866,2913,10663,152,3157,8185,16688,1116,6733,4572
25738,1600000US1268350,96940,27643,113508,"Spring Hill CDP, Florida",24469,0,0,2599,1033,1346,4250,1261,153,587,825,743,1283,0,814,897,3314,643,1962,1630,31277,0,0,2025,2761,766,5083,1661,571,445,1270,1331,1948,55,2595,1700,4768,358,1064,1703
21145,1600000US1270600,161929,23215,191039,"Tallahassee city, Florida",50175,323,0,1951,1757,617,3799,1167,298,1234,2769,460,5577,0,1527,6041,5249,429,2524,11319,63053,166,0,1889,1975,206,6134,1559,36,765,2094,1351,7216,0,2699,8573,8155,934,3836,13095
26413,1600000US1271000,334093,31003,385423,"Tampa city, Florida",99010,317,0,8662,5556,4013,9680,5495,583,3667,9726,2939,9488,196,5137,5313,12668,1442,5033,4787,136876,166,82,9464,7521,3598,10732,4858,1147,3896,12596,5908,15016,82,7611,12552,20871,2716,9728,4794
26033,1600000US1276600,88525,27536,110219,"West Palm Beach city, Florida",29275,203,0,3599,1759,1361,3462,1293,186,715,1404,1702,1569,0,2373,1019,3286,312,2058,1831,38325,0,0,2378,2103,1056,3618,1897,288,1273,1878,1850,2819,76,2134,1653,5523,1940,4731,1029
18718,1600000US1303440,112672,21310,125929,"Athens-Clarke County unified government (balance), Georgia",30599,444,0,2621,3505,650,2635,545,119,229,1135,720,1372,124,562,5960,4544,467,2895,1450,35654,144,31,1655,5558,1087,4397,705,152,270,1029,405,2055,0,960,7404,2943,490,3325,1315
31941,1600000US1304000,432511,37612,486299,"Atlanta city, Georgia",140717,151,58,5926,7163,4085,14720,7490,672,6726,10173,6224,21399,583,5798,11157,12158,2405,10743,7152,187038,382,47,6203,9563,3783,16537,11306,1363,9529,11218,7181,30011,627,8749,14994,19547,5552,11790,10183
22966,1600000US1304204,191615,23165,195678,"Augusta-Richmond County consolidated government (balance), Georgia",45867,52,0,2867,6360,1069,6631,2315,313,561,1443,990,2041,0,2027,2797,8866,300,1951,3881,52059,379,0,2666,5942,835,6376,1528,643,1083,1125,1349,2523,0,2796,4795,10893,23,2785,3231
25462,1600000US1319000,187046,26703,194058,"Columbus city, Georgia",49401,405,75,2531,3745,1270,4680,993,259,867,7869,1314,1706,111,1280,2979,8427,507,4356,3848,53085,187,0,2456,4851,1053,6151,2147,295,1303,5438,1313,2680,0,1954,3987,7976,288,5176,3591
38380,1600000US1368516,109321,46505,106742,"Sandy Springs city, Georgia",48701,0,0,3099,3036,2981,4581,896,165,2132,5034,1662,6745,262,2196,2792,5392,801,3746,1513,51198,116,0,2567,3005,1237,4586,965,640,2475,4555,1855,9100,218,1757,2339,5293,946,5205,1189
24332,1600000US1369000,121779,25793,146449,"Savannah city, Georgia",33865,0,0,2452,3789,603,3132,2769,72,388,1263,727,1598,0,1599,2744,5452,577,3053,2305,48062,42,43,1501,5934,1460,4195,3693,0,451,635,1108,2685,0,2725,4307,8166,1072,5185,2922
27880,1600000US1608830,203548,30367,226567,"Boise City city, Idaho",65464,286,142,4960,8560,3699,8342,3168,973,1877,3376,1709,5642,67,2202,3634,6690,171,2876,5629,83111,745,108,6592,10556,2484,9088,1338,1258,1583,3533,1642,7575,268,3599,7096,11711,1246,4418,5773
31819,1600000US1703012,185646,35576,202548,"Aurora city, Illinois",64487,85,0,3482,15467,3582,6912,2289,763,1488,4904,565,5206,846,3620,3577,4637,728,1820,1835,74874,99,130,4823,13678,3542,5689,5682,466,2179,7221,578,5614,0,4714,2959,6178,1958,2611,2415
28803,1600000US1714000,2737996,36069,2716462,"Chicago city, Illinois",868044,1219,254,45360,111788,25397,62443,54202,5528,23826,69765,20521,85965,1544,38409,50530,101252,15087,62667,52286,970429,795,620,40084,91799,25156,68777,60025,5318,24800,73306,24720,123952,1694,43917,76094,126659,17401,74259,46279
28151,1600000US1723074,103607,32158,114459,"Elgin city, Illinois",35532,70,0,2121,9004,1908,2931,1026,120,1234,2690,824,1394,131,1789,2260,2446,871,1861,376,40087,87,0,2063,10855,1305,3293,2548,384,873,3324,185,1722,81,1843,2367,3906,550,2587,536
29412,1600000US1738570,146219,31992,147150,"Joliet city, Illinois",44088,36,0,3432,6837,2406,3640,4125,373,477,3174,446,1480,252,2071,2691,3738,539,4077,2028,54360,121,0,3392,7029,1896,4793,5963,864,508,3045,564,2680,53,3492,2966,7098,1624,3389,2194
44270,1600000US1751622,145757,56457,148584,"Naperville city, Illinois",48173,0,80,1552,6493,3029,3787,2048,515,2002,5228,803,8081,297,985,2876,3633,521,3126,1672,55374,45,118,1008,7434,2948,2512,3347,443,1771,7616,1373,8124,361,1512,4964,5834,379,2143,1346
24488,1600000US1759000,113824,30885,115637,"Peoria city, Illinois",29260,0,80,1186,6930,884,2591,854,0,1099,1734,475,1964,112,699,1284,3879,693,1543,1295,32202,0,0,1044,6365,414,2205,1277,455,523,1169,654,2416,0,1205,3018,7210,344,2213,977
25454,1600000US1765000,146371,27005,148287,"Rockford city, Illinois",40254,138,49,1252,11081,1770,3587,2533,88,1305,2304,787,1156,120,1544,1181,6231,243,1973,1227,40580,92,0,1845,11924,1146,3526,1710,305,560,925,510,1445,0,2009,1472,6680,501,2589,840
27236,1600000US1772000,113916,32652,114663,"Springfield city, Illinois",36108,55,45,1375,1400,1125,2761,938,309,999,2865,542,1967,0,549,2677,6910,728,2951,5990,35686,0,70,2110,1806,957,3220,1493,392,642,2491,465,2032,0,865,2235,6332,452,1664,7084
22835,1600000US1822000,110211,26540,117940,"Evansville city, Indiana",31459,50,122,2226,6501,1484,4426,1064,599,719,1946,168,1406,0,671,1365,4698,635,1395,1039,37570,51,0,1347,7207,571,3663,2129,911,718,2101,429,1707,80,2510,1943,4858,959,3264,1799
28357,1600000US1825000,250284,29513,254796,"Fort Wayne city, Indiana",82420,312,62,3668,20705,3541,7234,5270,413,2565,4263,1655,3891,78,2605,3639,10997,1250,4263,2288,86216,45,0,5177,19078,3528,7949,5435,456,1758,5061,1608,3627,102,2519,4113,12589,1297,5878,1942
28574,1600000US1836003,793010,31282,857386,"Indianapolis city (balance), Indiana",255722,409,262,18770,34854,12498,22115,15846,1447,7857,19848,5350,17015,544,13141,13947,29586,3452,13111,14164,302391,284,250,16151,38198,8278,31204,24695,1793,5494,14712,5657,22700,853,16892,18208,46396,5216,18823,14414
29734,1600000US1912000,128324,33529,132240,"Cedar Rapids city, Iowa",44388,69,44,1793,8495,1639,5024,2165,999,2140,3858,416,2431,0,1224,2834,5960,354,1340,1562,48321,553,0,4224,7579,1231,4603,2275,694,1235,3660,607,2885,0,2080,2863,7386,876,2429,2222
23752,1600000US1919000,99084,31144,102314,"Davenport city, Iowa",28769,208,0,959,5394,1576,3352,1931,331,1197,1285,661,1348,0,567,1364,3242,889,1008,1723,35116,155,96,2723,7079,720,3768,981,204,548,1594,345,1650,26,1981,2138,4036,886,1951,2061
26990,1600000US1921000,190976,31111,217508,"Des Moines city, Iowa",62530,0,0,4610,6034,3603,5948,3645,393,1874,9941,1593,2414,187,1269,3233,7629,1023,3114,3822,84613,741,0,6001,12035,2028,8366,3089,519,1031,12307,1354,4408,70,3865,3600,10039,1417,5809,3618
22563,1600000US2036000,139866,29191,155031,"Kansas City city, Kansas",39504,47,48,3341,5463,1112,3755,2661,757,732,2022,709,1328,49,3495,2361,5032,380,1765,2419,51731,128,32,7181,8168,1471,5253,2836,962,1103,2204,672,2398,137,2659,2637,5822,427,3343,3100
33428,1600000US2052575,118423,42391,137500,"Olathe city, Kansas",43775,0,104,3167,5057,3182,4349,2096,321,3428,3099,943,3408,121,1446,2692,4670,274,1418,2224,56227,190,184,3413,7674,1795,6220,3350,398,1928,5073,959,5946,80,2130,5154,6330,625,1250,2445
37183,1600000US2053775,161909,42104,191263,"Overland Park city, Kansas",61911,0,76,2593,5997,3105,7273,1705,320,5928,6677,1638,7869,163,1114,3323,6781,561,2982,1473,76821,305,0,2447,6641,2644,6989,3513,245,3210,7457,1946,13466,165,2548,6829,9147,1320,3984,2180
25062,1600000US2071000,122630,32958,126588,"Topeka city, Kansas",38709,178,39,2435,3190,1138,3924,2107,628,1259,2713,890,2091,124,1078,3169,5664,337,2395,4169,43584,132,0,1851,6767,863,3857,1434,808,797,3702,935,1444,0,1114,3544,6836,261,2062,5610
26449,1600000US2079000,361016,29978,390599,"Wichita city, Kansas",116123,50,466,8719,31631,4138,9349,5559,689,2168,5071,2502,6489,283,3724,6415,13412,1381,5071,5088,133946,688,840,9093,29463,3270,12926,4986,1018,2276,5029,1657,5710,305,5593,9567,20009,1162,7922,7049
26779,1600000US2146027,279044,30005,321959,"Lexington-Fayette urban county, Kentucky",93939,912,106,6424,14161,2867,8555,3708,783,3080,4038,2410,6691,454,3124,10429,14812,837,3372,4303,114014,2095,60,4771,14409,4242,12320,3418,630,1892,5046,3053,9362,74,4262,13068,17609,1864,5516,4480
26960,1600000US2148006,561398,31988,621337,"Louisville/Jefferson County metro government (balance), Kentucky",172306,323,64,10500,26855,6170,17856,12119,919,3483,11774,3519,10971,753,5462,9812,23351,2659,7891,7507,219305,487,213,13395,33137,6869,22024,16748,1629,4324,15002,3778,13923,558,7776,16614,29761,3171,12949,7572
19707,1600000US2205000,231037,23174,225370,"Baton Rouge city, Louisiana",60075,0,238,4504,4107,2094,5355,3146,653,1285,3521,642,5060,106,1289,5084,7388,819,4597,6499,68117,0,592,6092,5854,1110,9172,2787,462,1576,2813,1109,4265,0,2031,5942,10827,838,5438,4520
25187,1600000US2240735,114495,29227,126847,"Lafayette city, Louisiana",37565,54,4342,1331,1433,1305,3719,1588,158,768,1219,1207,2439,141,1078,2352,6803,439,3666,2035,43086,118,2904,2352,2121,1280,4127,1277,469,1290,2223,970,2734,0,1571,3801,8628,962,3085,1820
32615,1600000US2250115,130060,37037,146847,"Metairie CDP, Louisiana",46707,209,187,5656,3261,2689,4255,1630,432,581,2230,839,5200,0,2314,2601,5170,1282,4113,2249,57445,107,729,6833,3191,2258,3031,3634,765,858,3124,1312,5598,43,2387,3583,7282,1569,4198,3248
21458,1600000US2255000,239124,29751,393292,"New Orleans city, Louisiana",61819,134,1005,5964,2154,951,4066,3211,987,1145,2293,2142,5414,43,2837,6126,8368,1772,5972,4136,125089,392,1037,5383,4353,1993,10063,7458,1307,2311,4531,3156,10990,105,4659,14621,19155,3860,14887,9513
21921,1600000US2270000,200031,24303,191715,"Shreveport city, Louisiana",49917,45,1018,1793,4695,2624,4761,1718,355,1510,2287,534,1700,0,2301,3864,9405,2900,3291,1588,56888,594,518,4532,3140,1249,6853,4318,216,1572,1126,694,3302,0,1590,5470,11527,1857,2982,3146
27121,1600000US2404000,637455,35251,611648,"Baltimore city, Maryland",179053,103,102,8845,11107,3028,13906,10905,1364,4333,10008,4025,12053,377,6024,17611,35091,1985,8250,22540,204737,581,71,8649,9094,2433,15124,14693,2695,4495,7818,6004,15234,80,9162,23887,44705,2368,9576,19136
50886,1600000US2419125,93266,57696,103709,"Columbia CDP, Maryland",35844,0,0,1092,2448,1922,1874,1000,206,1344,1813,1124,6197,123,1367,2396,3888,212,1474,5328,43426,0,0,1702,2209,423,3022,1217,173,1615,2021,876,7321,147,825,4440,5612,91,2288,6276
31034,1600000US2507000,613117,38884,683015,"Boston city, Massachusetts",194612,660,0,6976,10579,4336,12278,5859,1082,6379,19866,6082,21444,77,9666,18241,34621,1588,15273,10665,268919,141,0,10101,14700,2574,18956,9862,1847,7272,22397,6949,38309,301,11738,29715,50312,2360,19281,12028
31205,1600000US2511000,95736,45924,113631,"Cambridge city, Massachusetts",32050,0,0,828,1049,424,1395,499,63,1504,2051,308,7004,107,125,7442,4700,497,1566,992,45115,0,145,528,3746,453,1747,654,257,1197,2869,459,11163,89,1605,9446,6331,867,910,1344
29338,1600000US2537000,98663,32224,111343,"Lowell city, Massachusetts",30707,65,43,1798,8004,522,2483,642,118,1011,1537,594,2677,0,1551,1365,4634,372,823,1149,35581,0,0,2114,8292,752,3569,1817,0,534,1430,588,2428,0,1921,2870,4330,630,1746,1249
25185,1600000US2567000,149455,26587,154763,"Springfield city, Massachusetts",38461,133,0,2215,5983,1824,2953,1789,259,1332,3058,780,1951,0,1399,2200,6235,569,2795,1346,38935,47,0,1686,4755,1040,5085,1583,765,450,2003,1044,1213,0,1152,2643,8767,465,2864,2364
27002,1600000US2582000,173599,32460,185685,"Worcester city, Massachusetts",52902,122,0,3578,8104,2013,4519,2043,714,1384,3933,635,2604,45,1526,4640,7711,738,3163,2853,55590,0,0,3564,6401,591,5739,2084,109,658,4011,615,3012,178,1735,5506,14040,916,1804,2818
21877,1600000US2603000,116168,25748,121461,"Ann Arbor city, Michigan",31618,0,0,359,3605,606,2422,175,104,1289,1896,796,3306,60,240,8073,5320,806,1248,625,38446,0,0,288,3931,601,2457,938,310,722,984,286,5484,206,434,11260,6452,650,1115,934
21935,1600000US2622000,808327,24677,673103,"Detroit city, Michigan",152609,943,0,4305,27720,3200,11116,8663,2747,4985,8632,1843,4712,277,7125,6493,26953,4479,9046,12449,155535,196,54,6358,29328,2804,10289,7906,2604,2736,8585,2905,6908,229,8851,7275,27866,3225,13802,7067
21137,1600000US2634000,192252,27050,198811,"Grand Rapids city, Michigan",53406,619,0,1920,12557,2361,5216,2340,189,1763,2821,527,3279,59,2039,2861,7200,470,3701,866,70490,1107,0,2795,13371,4226,7265,2223,80,1790,2821,1413,5179,118,1691,5441,12500,747,4507,899
23084,1600000US2646000,118123,25272,115451,"Lansing city, Michigan",33255,50,0,1295,4694,669,3055,1192,188,990,1756,311,2398,0,2193,2486,4339,45,1155,4703,37413,112,0,1172,5178,502,4044,3723,194,555,1710,724,2029,80,1617,3356,4952,382,1734,2595
29367,1600000US2676460,131584,36203,132628,"Sterling Heights city, Michigan",39185,0,0,1057,10079,1250,5250,1261,180,867,2053,718,2914,200,785,1321,4404,463,2169,1880,44267,91,0,2651,11039,1775,4450,1825,83,236,3355,287,2619,0,1296,1862,5949,603,2390,2036
29071,1600000US2684000,126000,31150,135029,"Warren city, Michigan",35973,47,0,1918,9928,1563,3495,1460,380,526,1637,584,2580,213,1006,1512,4442,445,1570,1019,43491,33,0,2182,12247,1082,3549,2834,288,608,1704,978,3248,85,1435,2137,5425,514,2149,1488
29257,1600000US2743000,351184,34941,422326,"Minneapolis city, Minnesota",116381,0,0,4272,14118,2945,10482,4764,518,5097,10392,2198,12822,504,5666,8167,15656,2243,7856,4339,161037,347,53,5992,18506,4074,12388,4681,735,4454,11864,3813,21275,627,7654,16700,23084,3501,9072,5746
31914,1600000US2754880,96212,43153,115733,"Rochester city, Minnesota",34998,145,0,1542,3725,492,2435,1537,282,610,958,150,2199,0,351,1676,13574,243,2976,969,43669,304,0,1171,3824,1062,3252,946,362,893,1292,379,2116,0,565,3050,19309,445,2029,1567
29582,1600000US2758000,266258,30910,306604,"St. Paul city, Minnesota",81771,538,0,2823,10480,2945,7941,3418,53,2712,6719,1465,6230,210,3514,7336,11424,1100,3854,5083,102227,298,0,4225,13869,2986,6970,5319,332,2568,6981,1651,6975,273,3210,11299,16413,2348,6421,6175
21191,1600000US2836000,178784,25822,167250,"Jackson city, Mississippi",48378,0,0,3638,3657,1866,5932,2377,658,1351,2669,784,2439,0,1047,3183,10034,202,3174,2968,52389,146,41,3057,4785,1101,5840,2251,427,846,2263,668,2296,0,1554,4111,10860,610,4249,3959
19174,1600000US2915670,92937,21425,121720,"Columbia city, Missouri",27612,0,0,1050,1809,1296,2961,836,314,688,2024,711,964,0,492,5284,4734,495,1701,1234,39034,360,132,2120,2145,1259,3261,2156,680,610,2869,391,2322,0,596,5866,8337,173,2639,1899
28380,1600000US2935000,110741,31315,117308,"Independence city, Missouri",33665,0,0,2316,5278,1137,3964,1956,416,1728,2915,474,1916,65,1179,1632,3593,461,1823,1586,39509,124,0,2927,5534,1875,5298,1977,340,716,2854,359,1517,41,1437,2652,4131,488,3684,2114
27036,1600000US2938000,437657,33575,488825,"Kansas City city, Missouri",142930,171,141,6302,15364,5384,12152,8709,1408,6450,12012,2333,11994,40,6340,6352,18322,3906,8545,9214,191440,484,94,8924,15501,3729,16338,12202,1832,4540,15571,4909,23817,223,8773,12385,27680,4378,11491,11033
24245,1600000US2965000,350759,31207,308626,"St. Louis city, Missouri",99584,374,63,3819,9743,2419,10213,5750,719,2571,4956,2318,5978,201,2806,8651,16495,1851,7611,7543,112368,306,161,3766,12430,2538,10147,3248,1193,2460,6174,2064,10111,130,4984,12039,18673,2734,8330,6588
20076,1600000US2970000,157216,23704,167376,"Springfield city, Missouri",46670,103,0,2823,5367,2104,5374,2123,363,1152,2275,1100,2570,53,1821,2295,8205,179,4181,1622,53951,0,51,2085,5997,1662,7310,2430,117,856,3337,1104,2893,170,3297,4730,8927,823,4256,1432
24149,1600000US3006550,96588,31913,109642,"Billings city, Montana",32891,652,225,2254,1989,1628,3850,1786,234,961,1959,1468,1947,0,536,1080,5186,1140,2709,2142,40174,393,519,3340,2245,1905,3940,2657,322,1172,2407,357,2040,0,1479,2314,7851,582,2854,1854
25246,1600000US3128000,250693,31268,284734,"Lincoln city, Nebraska",85691,332,0,5505,9786,2993,8248,4828,1146,1996,6146,1525,5158,251,3285,7351,12518,682,3498,7650,109340,1067,24,7472,11941,3109,9158,3595,1274,2061,8934,1233,7650,426,4274,13420,15498,1469,5039,7405
26139,1600000US3137000,374344,33114,466903,"Omaha city, Nebraska",122130,489,0,9302,13966,5107,10535,6896,813,3963,14205,1757,8180,424,6461,8398,14626,3407,5530,3446,173384,946,95,12873,16069,4357,18288,8570,1131,4544,18001,3800,12750,185,8055,12789,27042,2859,8930,5332
36666,1600000US3223770,77500,40643,168011,"Enterprise CDP, Nevada",28305,0,0,2137,608,468,3027,1409,131,143,1860,580,2195,0,841,739,1757,4034,6012,1170,61397,43,189,2350,2469,1169,4665,3423,540,2191,2860,1791,3267,48,3519,2957,5269,6475,14823,2365
37616,1600000US3231900,247160,40362,302535,"Henderson city, Nevada",85746,277,0,9625,4780,4539,7002,3838,1446,1019,5618,3276,5672,86,4896,4360,7575,6584,8479,4871,103809,0,224,7957,6522,3641,9868,5785,1737,1077,5390,2784,7609,241,4957,6837,11536,8755,9514,5473
30997,1600000US3240000,562582,32753,641708,"Las Vegas city, Nevada",190632,108,214,24771,6566,4114,17401,6935,1053,3873,11468,6971,10048,415,11059,9176,12136,15908,35053,6994,218681,33,205,18001,8061,4257,21006,12015,1977,3674,7479,4540,15279,132,14235,13740,23950,16764,32597,10159
30394,1600000US3251800,206780,31030,242949,"North Las Vegas city, Nevada",67536,49,103,12754,2620,2106,6746,2913,424,1046,2837,2239,2743,173,4587,2769,5456,3770,8757,3474,80314,80,43,8246,3654,2144,8777,4761,585,573,2833,1381,1965,0,4462,3550,8926,5835,12932,5998
28976,1600000US3254600,194586,28957,235123,"Paradise CDP, Nevada",74577,0,0,7374,2520,1452,7473,2763,792,1355,2268,2291,3510,213,3591,2523,4012,9029,19123,2091,86420,63,110,4555,3658,1012,8678,7093,638,1321,1577,2067,3552,0,5842,4320,6188,8770,20135,1679
28501,1600000US3260600,206869,32191,248860,"Reno city, Nevada",66793,119,450,6079,6413,3345,7210,3961,329,1129,2613,2230,3542,251,4067,4066,6494,4923,5209,2282,89993,143,257,5944,7855,3550,10084,5556,668,1343,3249,2112,7540,39,2158,6327,11373,4720,9438,4563
32158,1600000US3268400,80394,33493,100878,"Sparks city, Nevada",29015,94,54,3510,2782,1250,1952,2040,471,412,1123,565,1305,58,1120,2426,2458,1217,2236,2560,37453,542,376,3546,4258,1346,4467,2611,170,1032,1228,816,1734,54,1083,2093,4518,1257,2711,2239
32290,1600000US3268585,161132,31513,211280,"Spring Valley CDP, Nevada",62730,0,0,4809,1953,1176,5408,2902,867,977,2821,2945,4459,0,2762,1650,4419,7045,15133,1584,76968,0,0,3215,1572,1118,8056,4974,852,1312,3005,2016,4058,0,4620,2678,7624,7036,19008,2241
26233,1600000US3271400,194580,26545,193055,"Sunrise Manor CDP, Nevada",59188,0,191,8183,2712,1501,5128,2757,518,900,2485,1185,1929,116,3064,2012,3802,4623,12112,2111,64249,0,201,7426,3276,1727,6245,3975,65,626,2098,1278,1312,0,4531,2726,4351,5165,13682,1672
29898,1600000US3345140,108354,34924,111194,"Manchester city, New Hampshire",35526,45,0,1697,6721,2314,3380,2252,680,833,2817,969,1606,0,1866,2070,3830,267,1120,1063,42580,0,0,2161,6026,989,5007,1838,98,1482,2924,922,3195,231,2387,3532,5769,558,2945,1297
26675,1600000US3421000,130159,27228,130222,"Elizabeth city, New Jersey",46954,0,0,3982,7823,1132,3378,7098,409,1207,1764,1051,1953,0,3429,2103,4425,318,2855,1516,49595,0,0,4688,6900,2670,3504,8396,142,752,871,1671,1224,92,3477,2260,5111,431,3346,1807
31847,1600000US3436000,222653,41965,270750,"Jersey City city, New Jersey",70019,0,0,1258,4368,2310,5230,6355,190,2740,10356,1494,6864,110,3447,4218,8335,1154,3940,3305,107197,34,81,3745,5382,3435,10386,8742,530,4470,14544,3227,14722,227,4146,6749,11383,1919,6164,3511
24655,1600000US3451000,270007,27435,285156,"Newark city, New Jersey",68449,44,0,5015,7092,2692,5734,7746,312,1065,3649,1559,3244,140,3217,3323,11042,464,4239,4437,83413,195,40,9088,7402,3024,5989,9029,84,1459,2682,2114,3874,161,4218,5373,12933,679,5315,5331
26280,1600000US3457000,135831,26269,148678,"Paterson city, New Jersey",40383,0,0,1789,9839,993,4600,2858,228,415,1415,328,2206,62,2127,1999,6154,68,2391,1200,48268,0,0,2773,10234,1814,5714,4093,435,1179,1070,1509,1275,0,3413,1720,6469,204,2467,1716
26218,1600000US3502000,511893,31177,558558,"Albuquerque city, New Mexico",155439,1065,215,14018,10882,6220,14577,6570,1324,4033,7770,2946,17459,0,6301,11955,20584,3340,7976,12214,183039,919,1040,15798,7084,3622,17529,5177,1223,3684,10503,3258,21040,169,7324,20467,30182,2584,10416,12731
21039,1600000US3611000,264292,25127,258592,"Buffalo city, New York",62409,94,81,1957,9131,2445,5930,2093,704,1480,4225,1683,3173,47,3505,4814,12281,808,2551,3172,78125,0,0,2798,7966,2331,6284,4152,627,1612,5894,1731,4569,32,3681,7962,14215,791,5549,4691
31683,1600000US3651000,8274527,38430,8622698,"New York city, New York",2632009,776,579,144526,133105,81377,215972,176133,11773,109201,235305,95507,226127,3240,99369,182543,425006,53428,172420,129832,3021834,2173,218,168679,104060,65428,236710,200294,14002,127145,223473,106980,317230,3831,118418,249171,523938,65453,203285,138820
22454,1600000US3663000,204122,27261,208049,"Rochester city, New York",55087,0,0,1447,7745,1382,6250,1533,437,2641,2867,668,3189,128,2430,4464,11942,820,2773,2364,62205,189,0,2964,8122,1846,5711,1550,361,1955,2991,644,4816,56,2202,6403,13357,1132,3313,1947
16905,1600000US3673000,139600,24940,143398,"Syracuse city, New York",30176,0,143,2051,3132,814,2680,1505,435,1304,1807,754,1560,0,748,3206,5858,430,1771,941,33900,52,0,1147,2907,766,2336,1999,612,832,1459,934,1688,0,1702,3819,7967,684,2631,1428
35278,1600000US3684000,196806,36078,202008,"Yonkers city, New York",65765,103,0,4490,4820,2628,6944,3825,703,2509,4771,3171,4668,120,1926,5259,8065,1032,2307,3686,68593,0,0,5906,2156,2137,4770,4936,639,2250,3855,2321,4932,27,2721,6232,14485,1224,2848,2374
42447,1600000US3710740,124269,54170,166032,"Cary town, North Carolina",45813,112,46,1442,5829,1337,3916,621,581,2353,4082,1800,9684,60,1170,3135,3888,862,814,3369,65252,122,0,2626,7822,1484,3835,1602,469,2065,5011,611,16834,201,2369,5566,6690,799,2848,2621
31068,1600000US3712000,675229,36267,859052,"Charlotte city, North Carolina",231811,137,49,18883,19310,10701,20321,10974,2981,7074,34111,9527,21328,642,8089,10240,25832,1994,13154,5656,344743,451,108,24822,30849,13311,31029,16638,3501,10047,49258,8660,35218,670,16522,20568,36099,6755,22307,6033
26989,1600000US3719000,216279,36968,267932,"Durham city, North Carolina",71568,259,0,5055,5680,1663,5921,1743,525,2548,2562,1616,6248,57,3582,10412,13829,411,3972,3812,105234,91,0,5560,7998,2565,6170,3274,49,2115,5557,3017,12410,146,4602,15365,18277,658,7686,4225
24449,1600000US3722920,170197,24873,209913,"Fayetteville city, North Carolina",40764,300,0,2823,4123,1160,4512,1765,84,1367,773,981,1960,75,995,3104,7524,287,2425,4536,55356,510,0,3471,5491,783,6664,2568,446,1048,1302,1238,1851,0,2457,5503,9617,773,2802,6946
25321,1600000US3728000,246800,29366,290201,"Greensboro city, North Carolina",75724,59,0,5951,10922,3176,8674,3922,49,2238,5857,2050,3264,223,3294,5759,10181,1245,4008,2755,97035,26,15,2916,16164,2847,10439,6387,47,1557,6210,1854,4869,0,4140,9222,15935,812,7249,2387
28312,1600000US3731400,97606,29748,111213,"High Point city, North Carolina",28560,112,0,726,6997,1515,2643,2212,66,562,2584,320,1506,0,789,1903,3554,524,1529,243,35639,14,0,1263,8039,1113,2683,1629,148,431,2614,258,2567,0,2173,3331,4528,268,1926,1483
30286,1600000US3755000,354188,37442,464972,"Raleigh city, North Carolina",127326,0,228,10339,10119,4125,12161,2792,1123,5570,8099,2739,17631,138,5194,9529,13850,2329,6726,8610,191415,621,81,11728,17961,4215,15292,7787,1884,6456,12132,6750,26214,413,7741,14674,23835,1709,12706,11084
21360,1600000US3774440,99117,30746,119048,"Wilmington city, North Carolina",27615,0,0,3019,3324,734,3675,271,224,844,623,1413,2104,0,1080,2004,3767,67,2724,343,41926,383,0,4126,3859,1052,4069,1160,170,1132,2869,1806,3630,0,1677,3845,6156,392,3289,1083
23716,1600000US3775000,212615,29269,244592,"Winston-Salem city, North Carolina",66799,76,0,5967,9554,2146,7974,3562,154,1673,5135,1037,3178,223,2206,4574,9897,1009,4786,1860,79276,178,0,3954,10668,1807,7123,4562,462,1175,5613,1106,5659,92,3719,6002,15961,819,4572,2606
21708,1600000US3825700,92565,31331,123590,"Fargo city, North Dakota",31594,112,0,1993,3268,1945,2426,1845,0,1189,2370,410,2919,69,1431,2422,3871,251,2166,868,50576,965,184,2899,6164,1926,6670,989,139,318,3926,835,2974,68,1376,2846,9923,262,3590,2966
23699,1600000US3901000,196073,23812,197849,"Akron city, Ohio",57021,0,0,3387,12012,1611,5821,2785,1023,1528,2175,596,2166,43,1686,3369,9875,562,3274,2295,60124,24,63,3096,11416,2110,7005,2669,1233,1240,2430,402,2063,96,3537,3630,9895,393,3059,3120
24969,1600000US3915000,297304,28547,301305,"Cincinnati city, Ohio",85063,0,54,2708,10278,2170,8984,4146,901,2332,6008,1164,7529,223,3127,4974,17536,1277,4815,4164,101704,102,0,5317,12663,2173,9743,4264,734,2089,6481,1670,9781,621,5459,8399,17011,1451,6221,3853
22216,1600000US3916000,395310,25057,385552,"Cleveland city, Ohio",96984,462,88,2837,17531,3433,7507,5615,1107,1236,5453,2294,4749,0,3732,5858,18399,1046,4014,7355,105147,110,48,4037,16684,2956,9025,4656,1000,1766,6106,1855,5887,185,3745,7299,20897,1888,6349,6454
27311,1600000US3918000,732974,31401,881901,"Columbus city, Ohio",236712,76,0,11890,20969,10669,26480,10650,1971,7599,23797,5361,17375,683,11023,14659,32951,3066,12140,17120,322740,575,25,11664,31140,10112,33736,18194,2476,6341,32949,4717,23504,316,17028,24423,50935,4363,18587,18249
19623,1600000US3921000,146360,19329,140379,"Dayton city, Ohio",33220,0,0,1646,5624,487,2957,564,332,982,1739,59,1755,0,1599,2277,5440,576,2274,3470,32226,0,0,2070,4318,506,2307,1851,220,209,1878,395,1262,141,682,2342,7601,325,2791,2371
22703,1600000US3977000,283851,26159,276494,"Toledo city, Ohio",74449,131,188,3491,14143,2744,9007,4460,668,1069,2920,1299,2726,113,2280,4955,12774,717,4139,3658,79070,107,0,3834,18029,2788,7962,4468,559,1172,2449,602,3610,257,2081,5706,14310,634,4731,2916
31328,1600000US4009050,92256,37309,110468,"Broken Arrow city, Oklahoma",35134,0,363,2315,4632,2067,3666,2351,333,1289,2182,939,2366,100,1157,2356,4421,624,1183,1150,41026,167,989,2232,6454,1748,4225,2181,497,1193,2451,774,2925,102,1165,2283,5621,796,1031,1875
19942,1600000US4052500,107155,26564,122842,"Norman city, Oklahoma",30219,0,402,1600,1989,621,3468,803,132,1150,973,162,1368,0,812,5889,4207,451,2318,2134,40813,182,542,2473,2481,598,5127,1140,242,878,1577,770,3294,0,866,6161,5291,1340,2231,4170
26485,1600000US4055000,546930,31589,643574,"Oklahoma City city, Oklahoma",174507,239,3483,13078,16962,7852,18205,6304,1972,4894,11495,4907,12361,175,6850,9393,21959,2144,8146,16858,224639,967,9452,17050,18373,6499,25551,9681,2013,4513,13064,4494,15562,331,7305,13930,31833,3385,11522,18392
25270,1600000US4075000,389536,29511,402227,"Tulsa city, Oklahoma",125746,206,1724,8437,19190,7054,11737,5725,1365,6522,7316,4107,7812,281,5427,5329,16310,1445,5654,3535,135238,276,3452,9347,18190,3857,13450,5730,1829,3695,6204,2812,9528,404,6298,8942,18704,2659,8133,5170
23698,1600000US4123850,153612,23891,168909,"Eugene city, Oregon",42360,150,0,2361,6216,1418,5843,1087,163,1087,1516,600,3749,0,2074,5154,4661,480,1246,2466,45396,466,0,2262,5491,1746,4863,1385,244,485,1769,1656,3414,0,1740,5727,8025,260,1766,2323
26363,1600000US4131250,98401,32407,111039,"Gresham city, Oregon",28856,642,0,3015,4430,2477,2497,1902,332,170,1556,711,832,74,881,887,2651,259,1898,1135,34776,539,0,2903,5417,1617,3024,1769,172,222,2238,791,1413,0,1567,1091,6486,673,1485,1021
26925,1600000US4134100,85096,40179,106903,"Hillsboro city, Oregon",25790,760,0,964,7615,1054,2545,629,104,520,1204,524,1286,0,1673,747,2741,201,1128,965,40471,977,0,1505,12873,675,2866,912,414,1123,2466,905,3108,437,1422,1341,4587,124,2267,1675
28871,1600000US4159000,550795,36382,648121,"Portland city, Oregon",174012,2461,0,11819,22256,6994,17853,9390,2258,6401,9316,2856,17377,344,5143,9168,20277,3734,10640,8734,243603,1055,33,10623,27440,9450,21581,10503,2749,6416,11928,5258,30728,576,7697,20699,35822,4633,15164,10909
22832,1600000US4164900,150039,30576,169790,"Salem city, Oregon",41446,1807,0,3900,4265,1045,4493,971,283,1577,2529,572,1443,0,1468,1828,4925,940,2357,5554,52358,2031,0,3856,6988,1311,5566,1027,237,988,2702,1468,1720,0,2260,3172,7712,557,2440,6525
21833,1600000US4202000,108459,23154,121278,"Allentown city, Pennsylvania",29667,27,0,2143,3865,1280,3294,1922,225,1468,1201,611,1386,0,1218,2053,4876,0,2727,491,34780,42,0,1965,5566,1894,3821,5055,700,279,972,302,1899,326,1416,1842,5258,403,1132,395
26358,1600000US4260000,1449634,32011,1580863,"Philadelphia city, Pennsylvania",378973,402,59,14878,34293,11505,28439,20478,4043,9696,21870,7129,28346,337,17104,31892,70957,4557,21406,35060,479481,278,179,19532,32974,12864,36587,30371,3916,9934,26797,8267,41968,426,21725,47098,95479,6432,27158,35918
22571,1600000US4261000,290918,30239,302414,"Pittsburgh city, Pennsylvania",77101,83,100,2815,5400,1667,5897,3254,1540,1783,6494,1725,5681,114,2654,10998,14457,985,4126,3793,107376,44,600,3294,6666,1681,8789,3316,1107,1910,9294,1418,12153,453,4156,13934,20926,1414,7004,4196
20798,1600000US4459000,168846,25877,180388,"Providence city, Rhode Island",43709,0,0,2898,7168,910,4763,1294,61,763,3135,179,2253,174,1780,2924,8908,890,2689,1121,56109,198,0,2941,6465,1692,5492,2107,62,1222,2249,1224,3067,386,3707,6355,8805,849,4623,1584
31679,1600000US4513330,114351,38285,139906,"Charleston city, South Carolina",38557,0,0,2740,2045,1366,2754,3783,259,969,2442,1705,2744,0,1191,3474,4997,871,2758,2789,55956,366,0,4616,2654,1927,4755,1308,263,1185,2904,1750,7585,0,3670,4859,8532,1073,3716,1632
17536,1600000US4516000,114654,21223,133578,"Columbia city, South Carolina",28673,58,0,1531,2194,750,2227,644,550,1505,2547,1068,2564,71,1026,2331,3486,340,2321,2694,40870,376,0,1766,2598,960,3104,1397,684,797,3501,724,2820,34,2274,5260,6469,380,2635,2863
25393,1600000US4550875,83422,24929,112742,"North Charleston city, South Carolina",28668,0,0,3113,2646,656,3222,2446,224,453,649,493,961,47,1282,1109,4699,138,1747,3329,39460,0,0,4032,3215,646,3840,1857,1057,1046,1666,937,2458,0,3293,1983,5622,392,3749,1928
25892,1600000US4659020,147932,32992,176898,"Sioux Falls city, South Dakota",52591,65,59,2865,5444,2188,6917,3001,298,1578,8404,795,3019,138,1424,1626,8103,1013,1915,1767,71579,450,0,4747,8642,2535,8675,2028,126,1754,9056,1003,4077,96,2554,3432,13469,984,3182,2184
22951,1600000US4714000,161365,29532,179130,"Chattanooga city, Tennessee",45882,0,62,2753,6922,1426,3087,3145,1441,954,4063,978,2620,0,2189,2409,5876,1043,1900,2197,59787,137,0,1912,9624,1370,6610,2514,1264,1939,6055,1282,3465,419,2365,2889,11131,425,4348,1370
26763,1600000US4715160,119216,31372,153210,"Clarksville city, Tennessee",31357,38,0,1851,5505,340,3180,2565,0,323,953,627,827,273,761,2136,4243,75,1544,5030,44904,216,152,3819,5188,1522,3612,2321,773,623,2356,37,2153,0,2967,4837,4718,297,2843,5010
22054,1600000US4740000,183289,25517,187344,"Knoxville city, Tennessee",55496,60,63,4048,4351,3504,6341,2732,619,1701,2632,1296,4152,375,2847,3887,8690,281,3457,2405,62109,217,0,3741,4960,2111,7048,3506,398,2776,2883,1882,4578,53,2538,5580,9658,618,5698,2057
23626,1600000US4748000,637425,27076,652231,"Memphis city, Tennessee",181955,127,276,10789,16249,9803,20278,24448,1101,2302,6889,3806,7954,269,9276,12071,23969,3622,9983,9613,207891,477,0,10930,21688,6353,19526,25205,1796,3350,5721,5037,8517,40,10180,16610,34205,3216,16007,9266
25222,1600000US4751560,94574,30124,136372,"Murfreesboro city, Tennessee",30484,74,68,1597,5329,1219,3384,1307,269,1569,2622,982,1947,0,920,2078,4217,175,876,1320,51558,0,0,2699,7648,1332,4183,3329,0,1600,3367,702,2583,138,2120,3563,8341,783,3611,3200
28233,1600000US4752006,593332,33369,665967,"Nashville-Davidson metropolitan government (balance), Tennessee",212114,358,57,13679,24384,8730,22873,10721,1030,7194,12076,3367,15248,678,8793,13452,32340,3059,11695,12534,273076,577,0,19261,22960,8992,25724,13434,2013,8869,14180,7708,20733,463,12177,20922,44773,7410,20923,10055
20924,1600000US4801000,114855,24993,123304,"Abilene city, Texas",31149,0,788,1892,1167,716,3584,1689,439,764,1770,414,1280,0,1459,3645,5099,212,1587,2902,37606,33,975,2889,2449,1027,4305,1850,626,558,2326,512,805,0,690,3399,6999,185,2114,3959
45225,1600000US4801924,77484,54293,100679,"Allen city, Texas",30143,38,64,1530,2795,988,2910,1600,82,2476,2876,770,5303,116,1127,2068,1599,291,693,1443,37125,0,288,1195,6678,1068,2602,612,367,2672,4604,811,4880,93,1207,2712,2771,0,685,1960
22974,1600000US4803000,190658,30527,200558,"Amarillo city, Texas",63283,272,302,5335,9481,3105,7618,4010,868,770,4556,1225,2182,0,1189,4147,7933,756,4372,2660,73760,800,584,7828,9598,1634,7579,2567,2016,536,3391,512,3612,40,3687,5230,10758,567,5268,3980
29143,1600000US4804000,359365,32291,396407,"Arlington city, Texas",126485,142,607,9919,21819,5155,14048,10456,726,4880,7204,2250,8866,138,4780,7414,9125,1713,5406,4732,141545,0,448,11840,15495,5859,15113,10984,1314,1984,9064,3548,7605,104,8942,11775,15900,1578,7074,4522
28001,1600000US4805000,749659,39883,950714,"Austin city, Texas",275802,200,181,31401,25641,8872,23525,7186,1885,8979,11560,6078,32934,225,11925,22682,20864,6342,21136,22023,410416,1170,2507,32682,35471,8407,31903,13798,2687,15738,17313,14961,62359,920,16289,38866,37686,6803,27403,26886
24495,1600000US4807000,108935,28144,119126,"Beaumont city, Texas",27622,68,148,2643,3172,989,3317,1264,546,354,556,518,1086,0,953,2027,5191,78,1263,2541,38714,0,68,5089,3917,1543,4276,1136,1181,182,1018,414,2092,52,2084,2395,5441,535,2019,3846
16113,1600000US4810768,189773,21850,183292,"Brownsville city, Texas",40916,454,330,3123,4362,1284,5667,1618,308,872,1421,359,1474,0,2014,4783,4128,310,2824,3315,46381,0,214,3327,3395,972,5307,2783,404,402,1142,741,1207,0,1921,8341,7237,109,2284,3891
34691,1600000US4813024,117978,40596,135709,"Carrollton city, Texas",42323,129,206,1776,7087,2398,4467,1945,414,2088,4170,1781,3812,98,2132,1282,3700,332,1567,1257,59116,0,92,4697,5949,3445,6516,2826,273,1259,5355,1073,5872,0,1857,5132,5632,690,5639,1073
23934,1600000US4817000,290010,30697,325600,"Corpus Christi city, Texas",84235,116,2328,7111,7282,3190,9704,4956,562,1139,3634,2629,4431,222,3102,6798,11372,788,4334,6948,111969,214,1584,12348,9804,3515,11251,3499,1185,1151,4219,3262,5146,0,4117,8256,19671,833,7821,8597
25499,1600000US4819000,1240044,31587,1341103,"Dallas city, Texas",421603,221,1778,55525,47351,17289,37816,18827,1899,11630,28536,14879,35523,444,29975,18075,32700,4702,34362,10351,517053,1009,1721,67989,45757,16359,53312,25946,3237,11386,34048,16549,45582,1588,31718,28900,55977,6247,38163,10568
18769,1600000US4819972,110855,25379,136266,"Denton city, Texas",28798,44,107,3598,3166,996,2066,1320,123,922,1080,677,1703,0,1722,3401,3131,503,1503,1627,44466,0,239,2599,3831,1917,4261,2848,266,705,1515,1318,3210,0,2466,7530,4228,939,2481,2524
20683,1600000US4824000,605410,26045,683583,"El Paso city, Texas",150334,412,112,8776,14347,4884,15588,11267,2081,4874,6316,2766,7270,0,6974,16656,16956,1140,7175,16619,206646,230,1932,13204,16498,5079,20014,16384,2709,3279,7772,3954,10002,360,13977,23815,28094,1797,11414,19627
27187,1600000US4827000,650613,35100,876060,"Fort Worth city, Texas",208451,420,1464,21714,32010,8903,21333,16214,1217,5590,12880,3487,9093,421,10251,13033,21789,3214,8289,7891,323172,235,3716,35706,42717,11078,28363,23803,1526,4870,19663,4772,19818,543,12000,25980,36547,2548,17934,15562
49342,1600000US4827684,94595,60738,177281,"Frisco city, Texas",35514,0,249,1811,3879,1647,3888,1015,66,2201,4656,744,4594,40,1581,2389,2789,259,2149,1084,70011,40,1088,1930,5705,2487,5370,2376,162,2800,8238,2642,14703,330,2016,5665,7710,1245,1968,1701
24123,1600000US4829000,230429,30503,237607,"Garland city, Texas",84640,77,209,11042,14637,3000,11041,2857,531,2107,4711,1662,4921,254,3465,4799,6028,692,5316,2870,86062,42,157,9625,10784,3215,7972,2434,285,1543,7185,1596,6261,67,6770,4725,10096,1812,3992,1547
27714,1600000US4830464,165080,35715,193812,"Grand Prairie city, Texas",57799,0,69,6066,7724,3256,6106,5359,440,1731,4354,645,3169,346,3559,2981,3219,377,2845,2464,77184,0,350,6255,12009,2108,8032,8864,589,1700,4369,1760,4026,70,3408,5617,7443,469,3299,3148
25474,1600000US4835000,2046792,31533,2313230,"Houston city, Texas",692756,890,18715,86234,70615,29622,62324,44020,7304,10806,30988,18786,52127,2336,40318,40363,68225,10167,42638,17725,812133,1794,25336,91758,79745,26780,72484,41284,9522,9380,34468,22122,72160,2697,44539,59139,89213,6916,56209,25471
28401,1600000US4837000,198831,35623,240369,"Irving city, Texas",73813,0,309,6934,8950,3272,9240,4631,205,3021,4593,2298,6230,219,3910,2892,5749,525,5697,1471,98849,0,431,8854,7156,4850,8457,7402,756,4021,9847,3620,10717,592,5470,3366,8167,1246,7723,2174
28046,1600000US4839148,101828,27123,145484,"Killeen city, Texas",27513,47,0,2654,940,394,2918,1546,347,1622,1095,340,1257,0,1554,2458,3019,89,1657,3647,42548,0,21,4158,1558,502,3321,1327,0,672,1465,623,2202,0,3197,3962,6568,773,2823,7901
16488,1600000US4841464,219617,25433,261935,"Laredo city, Texas",54086,131,1432,4489,996,3060,6333,8894,156,386,2658,591,1310,0,1735,6394,3587,316,2644,5102,79070,110,2388,4404,2213,3180,8007,15349,131,1081,2960,155,3029,0,3015,10060,8525,252,5958,6180
43580,1600000US4841980,77190,56213,105105,"League City city, Texas",26720,76,426,1454,3528,1318,2929,1194,126,215,1232,1222,3081,0,855,2296,2909,222,858,1666,38163,0,1052,3800,3781,1272,2703,1587,473,192,1816,1123,5906,0,1081,5561,4212,338,962,1515
32318,1600000US4842508,88200,38439,106656,"Lewisville city, Texas",36467,0,139,3073,4706,1966,4222,2172,191,1989,3249,2042,3110,46,795,1074,2450,400,2616,1555,47108,0,122,2710,3752,1744,5582,3350,328,1805,5963,564,4016,253,2164,3097,6651,464,2305,1250
21152,1600000US4845000,218189,24477,253887,"Lubbock city, Texas",67662,256,420,5290,3902,2926,8716,2378,378,3987,2953,1425,2149,150,3138,9048,7971,447,4594,4143,86009,1199,1937,4729,5491,2440,9875,3394,720,962,3880,2266,3435,53,2614,11024,14890,772,6886,4080
22857,1600000US4845384,123221,22742,142699,"McAllen city, Texas",31447,49,249,1819,1806,800,5821,1238,292,223,2123,292,1222,0,1619,2931,4729,240,2402,1449,43560,691,269,2511,1951,2495,5894,1815,175,693,1277,1071,1382,0,2345,5688,6097,1453,2712,2110
40260,1600000US4845744,117577,46308,181330,"McKinney city, Texas",39374,366,423,2256,5080,1105,5319,1424,0,2564,4621,1580,4159,222,1308,2465,3102,684,937,1375,68948,380,661,4912,5892,2980,6304,1817,148,2894,6067,1877,8991,219,3715,4426,7939,1775,2559,2590
34325,1600000US4847892,126081,31363,143822,"Mesquite city, Texas",45320,242,507,6061,3268,2454,4690,2953,170,1735,3672,901,2241,59,936,4046,5102,457,2312,1659,47422,0,69,6388,4725,1503,3637,2938,210,1791,2338,1330,2273,0,2264,4966,5656,225,3785,1711
26650,1600000US4848072,105582,46041,136090,"Midland city, Texas",31353,146,5879,2458,2127,1759,2907,1385,196,584,1153,882,1854,0,311,2151,2513,249,1307,1460,49845,259,10330,3735,2214,2573,3344,2848,526,663,877,701,3602,222,2151,4052,5007,408,1947,1980
26217,1600000US4853388,94457,34504,117105,"Odessa city, Texas",29075,0,3668,2992,3541,1524,2297,1294,711,463,1761,381,860,0,727,1713,2727,53,1242,1513,43576,149,7578,3839,2919,1900,4662,2210,615,527,1233,914,779,0,1368,3966,5970,394,1304,1344
27075,1600000US4856000,153925,27180,153533,"Pasadena city, Texas",48027,0,423,7287,9545,2725,5092,2814,491,850,1935,938,1811,74,2045,2734,2882,594,2247,829,46450,52,493,10559,6677,1139,4492,2947,341,340,1544,797,2641,37,1473,2346,3528,41,3218,640
47240,1600000US4856348,80843,54439,125198,"Pearland city, Texas",30332,0,1227,1521,3946,1094,2302,1945,460,1089,1789,574,2964,0,542,2129,4908,217,1287,1812,52136,304,1868,4109,6533,1756,2687,1076,885,1069,3804,931,4875,0,793,5800,9396,82,553,3556
41737,1600000US4858016,263663,50628,285312,"Plano city, Texas",101050,0,765,6699,12602,5459,9770,2508,592,7593,9981,2051,14534,274,3440,5388,7972,1167,5320,2115,123846,87,364,6570,10438,4683,13300,4164,1009,4820,12347,3157,18953,494,6076,10269,11213,1411,7765,2503
37643,1600000US4861796,100129,40847,116783,"Richardson city, Texas",36902,0,131,2464,4208,1302,2112,843,65,1850,5187,776,4378,169,721,2853,3301,56,4332,818,41038,0,174,2385,3001,662,4579,1601,254,897,2940,1050,7054,49,1581,4456,4136,315,2547,1278
30694,1600000US4863500,90955,36943,123560,"Round Rock city, Texas",33504,0,266,2175,7088,751,3139,967,535,935,2123,424,3048,121,808,1741,3045,406,2741,1870,47409,90,0,3628,7756,1870,4118,800,303,1170,2128,1819,4697,0,2937,4690,3104,509,2841,3043
23872,1600000US4865000,1284332,29668,1511913,"San Antonio city, Texas",382421,762,1435,33887,28372,12772,45309,14584,4242,11952,34889,8897,20799,842,18050,27918,47495,4006,24488,24662,513571,1468,2652,48755,31306,15637,54249,24080,2860,9675,42022,10133,35245,813,26385,47146,70777,5800,38569,26322
47639,1600000US4872656,62134,53127,115097,"The Woodlands CDP, Texas",18923,0,1753,1105,2309,1573,1462,1444,226,380,590,162,2419,240,397,1461,1534,384,196,898,39582,56,2796,2548,3777,1527,1691,2620,1015,795,2425,525,5543,312,839,4068,6240,448,575,798
20745,1600000US4874144,91403,26763,104998,"Tyler city, Texas",24550,338,291,1586,3144,429,2012,991,207,1101,969,540,1556,64,758,2528,4930,387,1516,606,34690,73,487,2292,2908,744,4513,1358,0,1573,712,264,1563,0,1703,1597,9668,381,1923,1420
18838,1600000US4876000,114536,22257,136437,"Waco city, Texas",29826,153,71,1478,5395,1335,3496,1627,313,758,1190,813,706,0,1301,2426,4760,606,1209,1108,39970,85,115,3540,5643,920,3191,1179,409,345,1097,940,1803,37,1961,5024,6087,339,3697,1901
21798,1600000US4879000,99747,26512,104745,"Wichita Falls city, Texas",25660,47,544,1406,3479,944,2724,948,90,593,609,401,1033,0,408,1449,4549,280,1392,3535,30242,0,803,1944,3851,281,2842,1478,689,460,1110,351,587,0,958,2443,5991,338,1575,2739
10755,1600000US4962470,118730,15429,117331,"Provo city, Utah",22185,75,50,2863,2692,185,3070,277,102,631,1020,536,1791,0,418,3148,2508,253,1093,943,28090,83,0,3349,2966,1117,3047,292,82,762,1160,579,2486,0,1679,3827,3043,725,1180,693
24717,1600000US4967000,188997,31105,200538,"Salt Lake City city, Utah",62297,112,62,6777,7352,1625,6079,2952,332,1882,3572,905,5531,124,4032,5234,6749,696,3832,2143,76187,185,562,3647,8073,1967,5913,2301,150,1579,5509,2165,8054,79,3316,8156,10276,787,5491,4220
30554,1600000US4982950,100245,32266,113921,"West Jordan city, Utah",32048,42,637,3310,4526,2304,3543,2232,266,583,2722,705,2375,176,1630,1114,1791,123,695,1662,42309,445,297,3552,7103,1140,4122,3331,624,516,3490,557,3363,255,1676,2589,4485,104,1006,1476
23703,1600000US4983470,124193,30624,136166,"West Valley City city, Utah",41443,139,170,4881,7297,2636,4174,2727,294,1142,2067,847,1336,0,2503,1239,3288,440,1907,2813,51499,44,430,5421,8086,1505,4823,3943,86,1975,3483,717,3342,423,4284,1614,3287,671,3243,2003
50602,1600000US5101000,140024,54026,160035,"Alexandria city, Virginia",61447,235,636,1357,1141,692,3562,1814,132,2817,2199,1266,13661,0,3666,2765,5073,741,3246,11266,75557,0,0,3694,2064,682,3241,2139,290,2579,2481,2014,16240,91,2203,5106,5688,1259,4388,14391
54712,1600000US5103000,204568,69451,234965,"Arlington CDP, Virginia",96637,121,0,5789,821,850,2389,2140,137,3861,4366,2151,25652,369,2136,4861,4267,711,7439,20608,112953,0,0,4506,2806,817,4160,2162,266,3664,4664,1968,34807,286,2986,8144,6134,1528,5024,21512
32047,1600000US5116000,219154,40292,240397,"Chesapeake city, Virginia",73179,317,0,7125,7264,2130,7050,4189,310,2701,3277,1778,5998,0,4025,3903,7803,192,1688,10022,80755,148,66,5860,8205,844,7932,3741,446,1447,4042,1799,6845,0,4525,5938,12257,1109,2181,10723
28713,1600000US5135000,146439,29576,134669,"Hampton city, Virginia",46312,0,113,4532,6742,908,5103,1572,188,894,866,900,2705,91,2953,3029,4671,0,1712,7730,43323,0,0,2444,6381,673,2645,2156,390,360,1867,1052,2642,0,2302,5500,5061,363,1759,5470
26953,1600000US5156000,179153,31163,179388,"Newport News city, Virginia",51442,76,43,3588,7292,1956,5333,1153,649,829,1567,1048,2594,0,2953,3975,6371,453,2575,6384,58016,382,0,3730,9289,1689,4892,2106,352,712,1080,1006,4177,39,2252,4097,8789,1253,2654,7048
26113,1600000US5157000,235747,26247,244703,"Norfolk city, Virginia",61639,0,0,5450,4300,1964,8271,2787,182,1752,2981,2185,3940,0,2562,4053,7070,529,2618,8160,70401,0,0,6024,4337,1235,6276,3467,312,1225,3297,1694,6534,51,3609,5922,10400,936,4656,7597
24999,1600000US5167000,200123,28264,227032,"Richmond city, Virginia",57138,168,70,4438,4316,1658,5755,3385,488,1786,5473,1187,4313,0,1084,3897,8993,596,3104,3903,74769,22,0,2900,4475,1311,6533,2878,1072,2169,6365,2125,8963,92,5013,7049,8899,994,5894,4943
31814,1600000US5182000,434743,36753,450435,"Virginia Beach city, Virginia",142367,650,69,11274,10839,3329,14637,5673,1005,5295,8941,3872,12474,330,4350,9101,19867,1786,6221,17608,162968,226,0,10374,9147,4721,15944,5094,1009,2778,12489,5349,17193,200,5368,12790,22751,1603,8805,21406
43485,1600000US5305210,120246,73092,144459,"Bellevue city, Washington",37042,100,0,1052,5712,1873,3093,1043,353,2982,2489,1784,6532,76,1738,2052,3053,277,640,1271,56058,412,0,802,4911,1795,6172,1550,79,3189,2046,1252,18787,46,1800,2796,3866,1223,1829,1303
27549,1600000US5322640,103729,33500,110086,"Everett city, Washington",30713,0,0,3554,7587,851,3469,1312,164,708,1826,353,1864,0,1102,714,2783,511,1380,1306,38882,288,87,3892,8725,574,4280,1531,223,357,1220,1008,2800,0,2572,1016,4283,493,2170,1738
29521,1600000US5335415,94295,35437,128463,"Kent city, Washington",30314,0,0,2491,5870,1489,5053,1539,297,1258,1182,807,771,0,2282,533,2278,697,2079,771,44914,101,0,3795,5739,2315,5378,4141,391,634,1506,1555,2865,207,1416,1610,6543,473,3558,1500
36212,1600000US5363000,577231,51851,724764,"Seattle city, Washington",202470,546,67,8920,18084,6615,19572,6742,1921,10472,11799,6071,29572,842,6873,15439,24723,4137,14397,9702,302615,488,0,10689,25451,7923,37259,8204,1745,12806,11811,7141,62899,1549,6917,23636,37669,5125,16300,12628
22813,1600000US5367000,210447,30417,217096,"Spokane city, Washington",54533,126,37,3337,5991,1908,5824,1831,302,2080,4080,1364,4099,0,1422,2832,10134,1758,1997,3497,69311,354,653,3705,7206,2233,7600,2937,607,1212,3440,1577,4122,0,2428,5275,12818,1547,4093,4481
30044,1600000US5370000,190817,35783,213426,"Tacoma city, Washington",57940,433,47,5295,6930,1909,6777,3283,602,930,2461,1433,2951,19,3716,2920,8121,1577,2183,3784,69043,244,0,5685,7960,1927,7071,3458,259,989,2317,1496,3936,174,3224,4904,11391,1898,3307,5645
29696,1600000US5374060,156253,34927,175661,"Vancouver city, Washington",46332,76,0,2898,8306,3738,4383,3589,794,969,2161,1469,2826,105,1701,1108,4523,364,2414,2585,55883,43,134,3217,7045,2036,5191,3789,278,1525,2712,2326,3988,195,2359,3837,8138,743,3304,2659
25474,1600000US5531000,100503,29731,105114,"Green Bay city, Wisconsin",32524,0,0,1472,6778,1648,3970,1819,680,703,2219,1042,1300,56,820,1346,4569,564,1631,1181,36295,710,0,2152,8702,1827,3406,1587,227,517,2368,377,1714,0,1278,1366,4533,1022,1900,1250
26475,1600000US5548000,222725,32303,255239,"Madison city, Wisconsin",68627,190,0,2263,9561,1882,5098,2195,772,3585,5564,1074,5027,48,1817,9674,8314,896,2569,5997,93305,638,0,4034,9157,757,6130,1951,644,3519,5803,1850,14492,0,2614,14244,12800,756,4188,6229
23928,1600000US5553000,582207,27798,595365,"Milwaukee city, Wisconsin",166737,394,46,7684,36011,5591,15844,7736,862,3858,11554,1326,7694,214,6877,9395,25644,2319,9340,7797,189499,829,97,9023,31869,5421,15367,9021,1448,3277,9902,2860,10131,238,11498,15255,29273,2916,15096,8865
